date,category,chiffre,min,max
2,England,999,999,999
2,Wales,999,999,999
2,Northern Ireland,999,999,999
2,Scotland,999,999,999
3,England,999,999,999
3,Wales,999,999,999
3,Northern Ireland,999,999,999
3,Scotland,999,999,999
4,England,999,999,999
4,Wales,999,999,999
4,Northern Ireland,999,999,999
4,Scotland,999,999,999
5,England,999,999,999
5,Wales,999,999,999
5,Northern Ireland,999,999,999
5,Scotland,999,999,999
6,England,999,999,999
6,Wales,999,999,999
6,Northern Ireland,999,999,999
6,Scotland,999,999,999
7,England,999,999,999
7,Wales,999,999,999
7,Northern Ireland,999,999,999
7,Scotland,999,999,999
8,England,999,999,999
8,Wales,999,999,999
8,Northern Ireland,999,999,999
8,Scotland,999,999,999
9,England,999,999,999
9,Wales,999,999,999
9,Northern Ireland,999,999,999
9,Scotland,999,999,999
10,England,999,999,999
10,Wales,999,999,999
10,Northern Ireland,999,999,999
10,Scotland,999,999,999
11,England,999,999,999
11,Wales,999,999,999
11,Northern Ireland,999,999,999
11,Scotland,999,999,999
12,England,999,999,999
12,Wales,999,999,999
12,Northern Ireland,999,999,999
12,Scotland,999,999,999
13,England,999,999,999
13,Wales,999,999,999
13,Northern Ireland,999,999,999
13,Scotland,999,999,999
14,England,999,999,999
14,Wales,999,999,999
14,Northern Ireland,999,999,999
14,Scotland,999,999,999
15,England,999,999,999
15,Wales,999,999,999
15,Northern Ireland,999,999,999
15,Scotland,999,999,999
16,England,999,999,999
16,Wales,999,999,999
16,Northern Ireland,999,999,999
16,Scotland,999,999,999
17,England,999,999,999
17,Wales,999,999,999
17,Northern Ireland,999,999,999
17,Scotland,999,999,999
18,England,999,999,999
18,Wales,999,999,999
18,Northern Ireland,999,999,999
18,Scotland,999,999,999
19,England,999,999,999
19,Wales,999,999,999
19,Northern Ireland,999,999,999
19,Scotland,999,999,999
20,England,999,999,999
20,Wales,999,999,999
20,Northern Ireland,999,999,999
20,Scotland,999,999,999
21,England,999,999,999
21,Wales,999,999,999
21,Northern Ireland,999,999,999
21,Scotland,999,999,999
22,England,999,999,999
22,Wales,999,999,999
22,Northern Ireland,999,999,999
22,Scotland,999,999,999
23,England,999,999,999
23,Wales,999,999,999
23,Northern Ireland,999,999,999
23,Scotland,999,999,999
24,England,999,999,999
24,Wales,999,999,999
24,Northern Ireland,999,999,999
24,Scotland,999,999,999
25,England,999,999,999
25,Wales,999,999,999
25,Northern Ireland,999,999,999
25,Scotland,999,999,999
26,England,999,999,999
26,Wales,999,999,999
26,Northern Ireland,999,999,999
26,Scotland,999,999,999
27,England,999,999,999
27,Wales,999,999,999
27,Northern Ireland,999,999,999
27,Scotland,999,999,999
28,England,999,999,999
28,Wales,999,999,999
28,Northern Ireland,999,999,999
28,Scotland,999,999,999
29,England,999,999,999
29,Wales,999,999,999
29,Northern Ireland,999,999,999
29,Scotland,999,999,999
30,England,999,999,999
30,Wales,999,999,999
30,Northern Ireland,999,999,999
30,Scotland,999,999,999
31,England,999,999,999
31,Wales,999,999,999
31,Northern Ireland,999,999,999
31,Scotland,999,999,999
32,England,999,999,999
32,Wales,999,999,999
32,Northern Ireland,999,999,999
32,Scotland,999,999,999
33,England,999,999,999
33,Wales,999,999,999
33,Northern Ireland,999,999,999
33,Scotland,999,999,999
34,England,999,999,999
34,Wales,999,999,999
34,Northern Ireland,999,999,999
34,Scotland,999,999,999
35,England,999,999,999
35,Wales,999,999,999
35,Northern Ireland,999,999,999
35,Scotland,999,999,999
36,England,999,999,999
36,Wales,999,999,999
36,Northern Ireland,999,999,999
36,Scotland,999,999,999
37,England,999,999,999
37,Wales,999,999,999
37,Northern Ireland,999,999,999
37,Scotland,999,999,999
38,England,999,999,999
38,Wales,999,999,999
38,Northern Ireland,999,999,999
38,Scotland,999,999,999
39,England,999,999,999
39,Wales,999,999,999
39,Northern Ireland,999,999,999
39,Scotland,999,999,999
40,England,999,999,999
40,Wales,999,999,999
40,Northern Ireland,999,999,999
40,Scotland,999,999,999
41,England,999,999,999
41,Wales,999,999,999
41,Northern Ireland,999,999,999
41,Scotland,999,999,999
42,England,999,999,999
42,Wales,999,999,999
42,Northern Ireland,999,999,999
42,Scotland,999,999,999
43,England,999,999,999
43,Wales,999,999,999
43,Northern Ireland,999,999,999
43,Scotland,999,999,999
44,England,999,999,999
44,Wales,999,999,999
44,Northern Ireland,999,999,999
44,Scotland,999,999,999
45,England,999,999,999
45,Wales,999,999,999
45,Northern Ireland,999,999,999
45,Scotland,999,999,999
46,England,999,999,999
46,Wales,999,999,999
46,Northern Ireland,999,999,999
46,Scotland,999,999,999
47,England,999,999,999
47,Wales,999,999,999
47,Northern Ireland,999,999,999
47,Scotland,999,999,999
48,England,999,999,999
48,Wales,999,999,999
48,Northern Ireland,999,999,999
48,Scotland,999,999,999
49,England,999,999,999
49,Wales,999,999,999
49,Northern Ireland,999,999,999
49,Scotland,999,999,999
50,England,999,999,999
50,Wales,999,999,999
50,Northern Ireland,999,999,999
50,Scotland,999,999,999
51,England,999,999,999
51,Wales,999,999,999
51,Northern Ireland,999,999,999
51,Scotland,999,999,999
52,England,999,999,999
52,Wales,999,999,999
52,Northern Ireland,999,999,999
52,Scotland,999,999,999
53,England,999,999,999
53,Wales,999,999,999
53,Northern Ireland,999,999,999
53,Scotland,999,999,999
54,England,999,999,999
54,Wales,999,999,999
54,Northern Ireland,999,999,999
54,Scotland,999,999,999
55,England,999,999,999
55,Wales,999,999,999
55,Northern Ireland,999,999,999
55,Scotland,999,999,999
56,England,999,999,999
56,Wales,999,999,999
56,Northern Ireland,999,999,999
56,Scotland,999,999,999
57,England,999,999,999
57,Wales,999,999,999
57,Northern Ireland,999,999,999
57,Scotland,999,999,999
58,England,999,999,999
58,Wales,999,999,999
58,Northern Ireland,999,999,999
58,Scotland,999,999,999
59,England,999,999,999
59,Wales,999,999,999
59,Northern Ireland,999,999,999
59,Scotland,999,999,999
60,England,999,999,999
60,Wales,999,999,999
60,Northern Ireland,999,999,999
60,Scotland,999,999,999
61,England,999,999,999
61,Wales,999,999,999
61,Northern Ireland,999,999,999
61,Scotland,999,999,999
62,England,999,999,999
62,Wales,999,999,999
62,Northern Ireland,999,999,999
62,Scotland,999,999,999
63,England,999,999,999
63,Wales,999,999,999
63,Northern Ireland,999,999,999
63,Scotland,999,999,999
64,England,999,999,999
64,Wales,999,999,999
64,Northern Ireland,999,999,999
64,Scotland,999,999,999
65,England,999,999,999
65,Wales,999,999,999
65,Northern Ireland,999,999,999
65,Scotland,999,999,999
66,England,999,999,999
66,Wales,999,999,999
66,Northern Ireland,999,999,999
66,Scotland,999,999,999
67,England,999,999,999
67,Wales,999,999,999
67,Northern Ireland,999,999,999
67,Scotland,999,999,999
68,England,999,999,999
68,Wales,999,999,999
68,Northern Ireland,999,999,999
68,Scotland,999,999,999
69,England,999,999,999
69,Wales,999,999,999
69,Northern Ireland,999,999,999
69,Scotland,999,999,999
70,England,999,999,999
70,Wales,999,999,999
70,Northern Ireland,999,999,999
70,Scotland,999,999,999
71,England,999,999,999
71,Wales,999,999,999
71,Northern Ireland,999,999,999
71,Scotland,999,999,999
72,England,999,999,999
72,Wales,999,999,999
72,Northern Ireland,999,999,999
72,Scotland,999,999,999
73,England,999,999,999
73,Wales,999,999,999
73,Northern Ireland,999,999,999
73,Scotland,999,999,999
74,England,999,999,999
74,Wales,999,999,999
74,Northern Ireland,999,999,999
74,Scotland,999,999,999
75,England,999,999,999
75,Wales,999,999,999
75,Northern Ireland,999,999,999
75,Scotland,999,999,999
76,England,999,999,999
76,Wales,999,999,999
76,Northern Ireland,999,999,999
76,Scotland,999,999,999
77,England,999,999,999
77,Wales,999,999,999
77,Northern Ireland,999,999,999
77,Scotland,999,999,999
78,England,999,999,999
78,Wales,999,999,999
78,Northern Ireland,999,999,999
78,Scotland,999,999,999
79,England,999,999,999
79,Wales,999,999,999
79,Northern Ireland,999,999,999
79,Scotland,999,999,999
80,England,999,999,999
80,Wales,999,999,999
80,Northern Ireland,999,999,999
80,Scotland,999,999,999
