id,parentId,name,size
c0,NULL,Total,308884
c1,c0,Food and live animals,15373
c1_1,c1,Live animals,618
c1_2,c1,Meat and meat preparations,2102
c1_3,c1,Dairy products and eggs,1866
c1_4,c1,Fish and shellfish,1719
c1_5,c1,Cereals,2296
c1_6,c1,Animal feeding stuffs,1185
c1_7,c1,Vegetables and fruit,1343
c1_8,c1,Sugar,482
c1_9,c1,"Coffee, tea, cocoa etc",1638
c1_10,c1,Miscellaneous foods,2124
c2,c0,Beverages and tobacco,6705
c2_1,c2,Beverages,6692
c2_2,c2,Tobacco,13
c3,c0,Crude materials,6707
c3_1,c3,Wood and cork,127
c3_2,c3,Pulp and waste paper,437
c3_3,c3,Textile fibres,482
c3_4,c3,Metal ores and scrap,4371
c3_5,c3,"Hides, skins and furskins",79
c3_6,c3,Oil-seeds and oleaginous fruits,94
c3_7,c3,Crude rubber,263
c3_8,c3,Crude minerals and fertilisers,447
c3_9,c3,Other crude animal and vegetable materials,407
c4,c0,Animal and vegetable oils and fats,526
c4_1,c4,Animal oils and fats,139
c4_2,c4,Vegetable oils and fats,270
c4_3,c4,Processed oils and fats,117
c5,c0,Fuels,25463
c5_1,c5,Crude oil,16950
c5_2,c5,Refined oil,6916
c5_3,c5,"Coal, coke and briquettes",154
c5_4,c5,Gas,1294
c5_5,c5,Electricity,149
c6,c0,Chemicals,53549
c6_1,c6,Organic chemicals,9728
c6_2,c6,Inorganic chemicals,1939
c6_3,c6,"Dyeing, tanning and colouring materials",2291
c6_4,c6,Medicinal and pharmaceutical products,21016
c6_5,c6,Toilet and cleansing preparations,5479
c6_6,c6,Plastics in primary forms,3133
c6_7,c6,Plastics in non-primary forms,2879
c6_8,c6,Processed fertilisers,284
c6_9,c6,Other chemicals,6800
c7,c0,Material manufactures,34049
c7_1,c7,Leather manufactures,176
c7_2,c7,Rubber manufactures,1422
c7_3,c7,Wood and cork manufactures,339
c7_4,c7,Paper and paperboard,2155
c7_5,c7,Textile fabrics,2701
c7_6,c7,Mineral manufactures,2680
c7_7,c7,Iron and steel,3812
c7_8,c7,Non-ferrous metals,14807
c7_9,c7,Miscellaneous metal manufactures,5957
c8,c0,Machinery and transport equipment,113116
c8_1,c8,Mechanical power generators (consumer),1
c8_2,c8,Specialised machinery (consumer),157
c8_3,c8,General industrial machinery (consumer),77
c8_4,c8,Mechanical power generators (intermediate),20264
c8_5,c8,Specialised machinery (intermediate),1868
c8_6,c8,Metal working machinery (intermediate),346
c8_7,c8,General industrial machinery (intermediate),6379
c8_8,c8,Mechanical power generators (capital),1779
c8_9,c8,Specialised machinery (capital),5858
c8_10,c8,Metal working machinery (capital),536
c8_11,c8,General industrial machinery (capital),7772
c8_12,c8,Office machinery (consumer),17
c8_13,c8,Telecoms and sound equipment (consumer),203
c8_14,c8,Miscellaneous electrical goods (consumer),883
c8_15,c8,Electric motors (intermediate),165
c8_16,c8,Office machinery (intermediate),921
c8_17,c8,Telecoms and sound equipment (intermediate),707
c8_18,c8,Miscellaneous electrical goods (intermediate),8099
c8_19,c8,Electric motors (capital),1261
c8_20,c8,Office machinery (capital),4455
c8_21,c8,Telecoms and sound equipment (capital),5401
c8_22,c8,Miscellaneous electrical goods (capital),4775
c8_23,c8,Cars,21538
c8_24,c8,Road vehicles other than cars (consumer),509
c8_25,c8,Road vehicles other than cars (intermediate),4492
c8_26,c8,Road vehicles other than cars (capital),1917
c8_27,c8,Railway equipment (intermediate),127
c8_28,c8,Railway equipment (capital),12
c8_29,c8,Aircraft,10187
c8_30,c8,Ships,2410
c9,c0,Miscellaneous manufactures,40997
c9_1,c9,Clothing,6582
c9_2,c9,Footwear,1774
c9_3,c9,Scientific instruments (consumer),10
c9_4,c9,Photographic and optical goods and clocks (consumer),1496
c9_5,c9,Scientific instruments (intermediate),1649
c9_6,c9,Photographic and optical goods and clocks (intermediate),590
c9_7,c9,Scientific instruments (capital),8720
c9_8,c9,Photographic and optical goods and clocks (capital),10
c9_9,c9,Works of art,2913
c9_10,c9,Jewellery,2576
c9_11,c9,"Plumbing, heating and lighting fixtures (consumer)",34
c9_12,c9,Furniture (consumer),696
c9_13,c9,"Travel goods, handbags etc",888
c9_14,c9,Other manufactures (consumer),7952
c9_15,c9,"Plumbing, heating and lighting fixtures (intermediate)",661
c9_16,c9,Furniture (intermediate),898
c9_17,c9,Other manufactures (intermediate),2547
c9_18,c9,"Plumbing, heating and lighting fixtures (capital)",167
c9_19,c9,Furniture (capital),411
c9_20,c9,Other manufactures (capital),423
c10,c0,Unspecified goods,12399
