id,parentId,name,size
c0,NULL,Total,438326
c1,c0,Food and live animals,40820
c1_1,c1,Live animals,521
c1_2,c1,Meat and meat preparations,6319
c1_3,c1,Dairy products and eggs,3246
c1_4,c1,Fish and shellfish,3314
c1_5,c1,Cereals,4489
c1_6,c1,Animal feeding stuffs,2565
c1_7,c1,Vegetables and fruit,11585
c1_8,c1,Sugar,1131
c1_9,c1,"Coffee, tea, cocoa etc",3964
c1_10,c1,Miscellaneous foods,3686
c2,c0,Beverages and tobacco,9472
c2_1,c2,Beverages,6917
c2_2,c2,Tobacco,2555
c3,c0,Crude materials,11710
c3_1,c3,Wood and cork,3306
c3_2,c3,Pulp and waste paper,491
c3_3,c3,Textile fibres,335
c3_4,c3,Metal ores and scrap,4097
c3_5,c3,"Hides, skins and furskins",0
c3_6,c3,Oil-seeds and oleaginous fruits,737
c3_7,c3,Crude rubber,171
c3_8,c3,Crude minerals and fertilisers,660
c3_9,c3,Other crude animal and vegetable materials,1913
c4,c0,Animal and vegetable oils and fats,1499
c4_1,c4,Animal oils and fats,102
c4_2,c4,Vegetable oils and fats,1078
c4_3,c4,Processed oils and fats,319
c5,c0,Fuels,28790
c5_1,c5,Crude oil,12338
c5_2,c5,Refined oil,10399
c5_3,c5,"Coal, coke and briquettes",590
c5_4,c5,Gas,4758
c5_5,c5,Electricity,705
c6,c0,Chemicals,55136
c6_1,c6,Organic chemicals,7668
c6_2,c6,Inorganic chemicals,1683
c6_3,c6,"Dyeing, tanning and colouring materials",1543
c6_4,c6,Medicinal and pharmaceutical products,22267
c6_5,c6,Toilet and cleansing preparations,6480
c6_6,c6,Plastics in primary forms,4702
c6_7,c6,Plastics in non-primary forms,3422
c6_8,c6,Processed fertilisers,722
c6_9,c6,Other chemicals,6649
c7,c0,Material manufactures,53981
c7_1,c7,Leather manufactures,227
c7_2,c7,Rubber manufactures,3342
c7_3,c7,Wood and cork manufactures,2339
c7_4,c7,Paper and paperboard,5881
c7_5,c7,Textile fabrics,8734
c7_6,c7,Mineral manufactures,4835
c7_7,c7,Iron and steel,4644
c7_8,c7,Non-ferrous metals,13811
c7_9,c7,Miscellaneous metal manufactures,10168
c8,c0,Machinery and transport equipment,154938
c8_1,c8,Mechanical power generators (consumer),16
c8_2,c8,Specialised machinery (consumer),248
c8_3,c8,General industrial machinery (consumer),239
c8_4,c8,Mechanical power generators (intermediate),14039
c8_5,c8,Specialised machinery (intermediate),2302
c8_6,c8,Metal working machinery (intermediate),394
c8_7,c8,General industrial machinery (intermediate),6681
c8_8,c8,Mechanical power generators (capital),1210
c8_9,c8,Specialised machinery (capital),4325
c8_10,c8,Metal working machinery (capital),605
c8_11,c8,General industrial machinery (capital),7764
c8_12,c8,Office machinery (consumer),12
c8_13,c8,Telecoms and sound equipment (consumer),2196
c8_14,c8,Miscellaneous electrical goods (consumer),4677
c8_15,c8,Electric motors (intermediate),238
c8_16,c8,Office machinery (intermediate),1806
c8_17,c8,Telecoms and sound equipment (intermediate),1347
c8_18,c8,Miscellaneous electrical goods (intermediate),13360
c8_19,c8,Electric motors (capital),1072
c8_20,c8,Office machinery (capital),14322
c8_21,c8,Telecoms and sound equipment (capital),18601
c8_22,c8,Miscellaneous electrical goods (capital),4933
c8_23,c8,Cars,26629
c8_24,c8,Road vehicles other than cars (consumer),1121
c8_25,c8,Road vehicles other than cars (intermediate),9894
c8_26,c8,Road vehicles other than cars (capital),6046
c8_27,c8,Railway equipment (intermediate),476
c8_28,c8,Railway equipment (capital),286
c8_29,c8,Aircraft,6188
c8_30,c8,Ships,3911
c9,c0,Miscellaneous manufactures,71541
c9_1,c9,Clothing,20780
c9_2,c9,Footwear,4555
c9_3,c9,Scientific instruments (consumer),17
c9_4,c9,Photographic and optical goods and clocks (consumer),2293
c9_5,c9,Scientific instruments (intermediate),1076
c9_6,c9,Photographic and optical goods and clocks (intermediate),1008
c9_7,c9,Scientific instruments (capital),9337
c9_8,c9,Photographic and optical goods and clocks (capital),30
c9_9,c9,Works of art,1685
c9_10,c9,Jewellery,2328
c9_11,c9,"Plumbing, heating and lighting fixtures (consumer)",132
c9_12,c9,Furniture (consumer),4455
c9_13,c9,"Travel goods, handbags etc",1874
c9_14,c9,Other manufactures (consumer),13133
c9_15,c9,"Plumbing, heating and lighting fixtures (intermediate)",1878
c9_16,c9,Furniture (intermediate),870
c9_17,c9,Other manufactures (intermediate),3780
c9_18,c9,"Plumbing, heating and lighting fixtures (capital)",556
c9_19,c9,Furniture (capital),1184
c9_20,c9,Other manufactures (capital),570
c10,c0,Unspecified goods,10439
