"id","name","trade_val1","trade_val2","trade_val3","trade_val4","trade_val5","eu_row_split","rank1","rank2","rank3","rank4","rank5"
"c0","Total","56981","54713","37324","36462","24389",0.531,"Germany","China","United States","Netherlands","France"
"c1","Food & live animals","4552","4493","4128","3075","2972",0.709,"Netherlands","Ireland","Germany","Spain","France"
"c1_1","Live animals","401","53","16","13","9",0.96,"Ireland","France","Germany","Netherlands","United States"
"c1_10","Miscellaneous foods","514","454","450","397","283",0.807,"Netherlands","Ireland","Germany","Italy","France"
"c1_2","Meat & meat preparations","1480","899","741","712","505",0.83,"Ireland","Netherlands","Germany","Poland","Denmark"
"c1_3","Dairy products & eggs","781","503","377","375","277",0.985,"Ireland","France","Netherlands","Germany","Italy"
"c1_4","Fish & shellfish","302","261","252","244","225",0.353,"Iceland","China","Sweden","Vietnam","Denmark"
"c1_5","Cereals","593","574","443","389","318",0.782,"France","Germany","Ireland","Italy","Belgium"
"c1_6","Animal feeding stuffs","468","364","361","233","205",0.604,"Argentina","Ireland","Netherlands","Germany","France"
"c1_7","Vegetables & fruit","2123","1548","803","780","659",0.633,"Spain","Netherlands","Belgium","Germany","Italy"
"c1_8","Sugar","145","115","112","93","67",0.62,"France","Netherlands","Belgium","Germany","Spain"
"c1_9","Coffee, tea, cocoa etc","651","461","323","296","293",0.7,"Germany","France","Netherlands","Poland","Belgium"
"c10","Unspecified goods","1981","1922","1684","1209","934",0.073,"Russia","Canada","United States","Australia","Hong Kong"
"c2","Beverages & tobacco","3201","1247","877","469","415",0.822,"France","Belgium","Italy","Netherlands","Spain"
"c2_1","Beverages","2264","876","399","352","345",0.758,"France","Italy","Spain","United States","Netherlands"
"c2_2","Tobacco","963","936","298","124","116",0.995,"Belgium","France","Poland","Netherlands","Lithuania"
"c3","Crude materials","1638","1495","1293","868","624",0.512,"United States","Germany","Netherlands","Sweden","Canada"
"c3_1","Wood & cork","969","566","424","258","164",0.537,"United States","Sweden","Latvia","Canada","Finland"
"c3_2","Pulp & waste paper","126","102","47","40","27",0.594,"Sweden","Brazil","Finland","Philippines","Netherlands"
"c3_3","Textile fibres","32","31","25","22","22",0.281,"Japan","China","Germany","Ireland","South Korea"
"c3_4","Metal ores & scrap","1118","404","323","302","234",0.43,"Germany","United States","Japan","Canada","South Africa"
"c3_5","Hides, skins & furskins","NaN","NaN","NaN","NaN","NaN",0,NA,NA,NA,NA,NA
"c3_6","Oil-seeds & oleaginous fruits","159","104","77","70","54",0.233,"Brazil","Ukraine","United States","Argentina","Canada"
"c3_7","Crude rubber","33","25","20","20","9",0.509,"United States","Germany","Netherlands","Belgium","Malaysia"
"c3_8","Crude minerals & fertilisers","141","76","55","45","45",0.451,"India","Spain","Norway","Germany","China"
"c3_9","Other crude animal & vegetable materials","1041","129","106","79","60",0.794,"Netherlands","Germany","Belgium","United States","Kenya"
"c4","Animal & vegetable oils & fats","383","144","104","83","80",0.63,"Netherlands","Spain","France","Belgium","Malaysia"
"c4_1","Animal oils & fats","16","15","13","8","6",0.485,"Ireland","Norway","China","Netherlands","Germany"
"c4_2","Vegetable oils & fats","276","142","95","74","70",0.696,"Netherlands","Spain","France","Papua New Guinea","Ukraine"
"c4_3","Processed oils & fats","98","46","33","19","18",0.465,"Netherlands","United States","Malaysia","Belgium","China"
"c5","Fuels","8766","4511","3683","1720","1090",0.186,"Norway","United States","Russia","Netherlands","Belgium"
"c5_1","Crude oil","5668","3282","1031","887","457",0.003,"Norway","United States","Russia","Nigeria","Canada"
"c5_2","Refined oil","2121","1429","971","911","596",0.413,"Russia","Netherlands","Saudi Arabia","Belgium","United States"
"c5_3","Coal, coke & briquettes","102","93","71","68","62",0.263,"United States","Russia","Japan","Australia","Colombia"
"c5_4","Gas","2819","575","531","437","115",0.038,"Norway","Qatar","United States","Russia","Trinidad & Tobago"
"c5_5","Electricity","348","159","135","63","NaN",1,"France","Belgium","Netherlands","Ireland",NA
"c6","Chemicals","8583","8225","5268","5056","4276",0.73,"Netherlands","Germany","United States","Belgium","France"
"c6_1","Organic chemicals","1419","1109","978","694","690",0.655,"Ireland","Netherlands","Germany","United States","China"
"c6_2","Inorganic chemicals","284","176","155","119","109",0.531,"Germany","Netherlands","France","United States","Belgium"
"c6_3","Dyeing, tanning & colouring materials","450","190","131","102","96",0.768,"Germany","Netherlands","Belgium","France","China"
"c6_4","Medicinal & pharmaceutical products","4580","2771","2256","2170","1857",0.777,"Netherlands","Germany","Belgium","United States","Spain"
"c6_5","Toilet & cleansing preparations","1144","826","682","497","469",0.717,"France","Germany","United States","China","Ireland"
"c6_6","Plastics in primary forms","1012","881","788","385","343",0.805,"Germany","Belgium","Netherlands","France","United States"
"c6_7","Plastics in non-primary forms","809","340","257","206","191",0.707,"Germany","United States","Italy","Belgium","France"
"c6_8","Processed fertilisers","127","80","71","66","59",0.599,"Netherlands","Belgium","Russia","Norway","Germany"
"c6_9","Other chemicals","1054","1036","819","782","695",0.686,"Netherlands","Germany","United States","China","France"
"c7","Material manufactures","10321","6739","3445","3014","2600",0.487,"China","Germany","United States","Belgium","Italy"
"c7_1","Leather manufactures","63","54","18","16","11",0.511,"Italy","China","India","Germany","United States"
"c7_2","Rubber manufactures","778","496","172","154","140",0.499,"China","Germany","Italy","United States","Thailand"
"c7_3","Wood & cork manufactures","561","260","220","152","99",0.558,"China","Poland","Germany","Ireland","Latvia"
"c7_4","Paper & paperboard","899","797","596","419","365",0.715,"Germany","China","Sweden","Finland","France"
"c7_5","Textile fabrics","4492","494","410","408","357",0.248,"China","Turkey","Germany","Pakistan","Belgium"
"c7_6","Mineral manufactures","799","647","387","347","319",0.559,"China","Germany","United States","Spain","France"
"c7_7","Iron & steel","666","359","341","334","327",0.703,"Germany","Spain","Netherlands","Italy","France"
"c7_8","Non-ferrous metals","2016","1771","1726","1408","1173",0.399,"Germany","Russia","South Africa","United States","Belgium"
"c7_9","Miscellaneous metal manufactures","2099","1368","872","676","613",0.528,"China","Germany","United States","Italy","Denmark"
"c8","Machinery & transport equipment","29123","22338","14334","12726","7981",0.563,"Germany","China","United States","Netherlands","Belgium"
"c8_1","Mechanical power generators (consumer)","9","4","2","NaN","NaN",0.4,"Japan","Belgium","France",NA,NA
"c8_10","Metal working machinery (capital)","139","84","59","53","40",0.544,"Germany","Japan","China","Italy","United States"
"c8_11","General industrial machinery (capital)","1559","1095","802","649","515",0.611,"Germany","United States","China","Italy","France"
"c8_12","Office machinery (consumer)","7","3","1","1","NaN",0,"China","Thailand","Japan","Hong Kong",NA
"c8_13","Telecoms & sound equipment (consumer)","562","358","352","313","271",0.633,"Poland","China","Slovakia","Turkey","Hungary"
"c8_14","Miscellaneous electrical goods (consumer)","1775","594","512","428","252",0.394,"China","Turkey","Germany","Poland","Italy"
"c8_15","Electric motors (intermediate)","58","39","31","13","12",0.504,"Germany","China","United States","Italy","India"
"c8_16","Office machinery (intermediate)","509","495","180","102","80",0.735,"Netherlands","Germany","China","United States","Belgium"
"c8_17","Telecoms & sound equipment (intermediate)","195","173","173","132","100",0.407,"China","Netherlands","United States","Hong Kong","Germany"
"c8_18","Miscellaneous electrical goods (intermediate)","2182","1559","1438","1144","663",0.523,"Germany","United States","China","Netherlands","France"
"c8_19","Electric motors (capital)","207","156","104","65","64",0.487,"United States","Germany","China","France","Italy"
"c8_2","Specialised machinery (consumer)","87","31","16","15","14",0.37,"China","United States","Netherlands","Slovakia","Italy"
"c8_20","Office machinery (capital)","6045","2281","1047","742","687",0.395,"China","Netherlands","Germany","United States","Hong Kong"
"c8_21","Telecoms & sound equipment (capital)","6803","3276","1317","1239","1002",0.325,"China","Netherlands","Vietnam","Hong Kong","United States"
"c8_22","Miscellaneous electrical goods (capital)","1016","762","562","522","247",0.51,"China","Germany","United States","Netherlands","Ireland"
"c8_23","Cars","10461","5033","2450","1464","1055",0.864,"Germany","Belgium","Spain","Japan","South Korea"
"c8_24","Road vehicles other than cars (consumer)","176","136","105","97","80",0.4,"Thailand","China","Taiwan","Netherlands","Germany"
"c8_25","Road vehicles other than cars (intermediate)","2878","1186","597","588","467",0.787,"Germany","France","Poland","Italy","China"
"c8_26","Road vehicles other than cars (capital)","1264","1042","603","566","554",0.819,"Netherlands","Germany","Turkey","Spain","France"
"c8_27","Railway equipment (intermediate)","173","70","47","33","30",0.778,"Germany","China","Spain","Sweden","Czechia"
"c8_28","Railway equipment (capital)","109","84","26","20","18",0.863,"Germany","Spain","South Korea","Romania","Austria"
"c8_29","Aircraft","1703","1696","760","217","170",0.484,"United States","France","Germany","Qatar","Belgium"
"c8_3","General industrial machinery (consumer)","111","42","22","14","8",0.426,"China","Germany","Italy","Poland","Spain"
"c8_30","Ships","1217","729","419","386","321",0.678,"Germany","Finland","South Korea","China","Cyprus"
"c8_4","Mechanical power generators (intermediate)","4547","1370","844","570","508",0.248,"United States","Germany","Singapore","Japan","Netherlands"
"c8_5","Specialised machinery (intermediate)","451","243","223","180","162",0.616,"Germany","United States","China","Italy","France"
"c8_6","Metal working machinery (intermediate)","122","52","47","34","24",0.568,"Germany","United States","Japan","China","Italy"
"c8_7","General industrial machinery (intermediate)","1383","923","752","646","351",0.578,"Germany","United States","China","Italy","France"
"c8_8","Mechanical power generators (capital)","364","255","144","95","66",0.623,"Denmark","United States","Germany","Italy","China"
"c8_9","Specialised machinery (capital)","1112","434","299","297","272",0.663,"Germany","United States","Italy","Japan","France"
"c9","Miscellaneous manufactures","17881","6303","5145","4818","3881",0.409,"China","Germany","United States","Netherlands","Italy"
"c9_1","Clothing","5690","2171","1319","1266","1245",0.3,"China","Bangladesh","Turkey","Italy","Netherlands"
"c9_10","Jewellery","854","301","171","168","158",0.652,"France","Germany","India","United States","Italy"
"c9_11","Plumbing, heating & lighting fixtures (consumer)","102","5","3","3","3",0.137,"China","Germany","Poland","India","United States"
"c9_12","Furniture (consumer)","1665","448","423","290","243",0.389,"China","Italy","Poland","Germany","Vietnam"
"c9_13","Travel goods, handbags etc","499","314","295","135","95",0.524,"China","France","Italy","Netherlands","Switzerland"
"c9_14","Other manufactures (consumer)","4365","1229","1162","1061","522",0.411,"China","United States","Germany","Netherlands","Hong Kong"
"c9_15","Plumbing, heating & lighting fixtures (intermediate)","761","171","126","69","68",0.466,"China","Germany","Italy","Netherlands","Slovakia"
"c9_16","Furniture (intermediate)","138","129","94","88","49",0.625,"Germany","United States","Poland","China","France"
"c9_17","Other manufactures (intermediate)","788","733","266","232","226",0.562,"China","Germany","Netherlands","France","United States"
"c9_18","Plumbing, heating & lighting fixtures (capital)","163","91","68","63","36",0.569,"Turkey","Germany","China","Italy","Ireland"
"c9_19","Furniture (capital)","684","97","41","40","34",0.303,"China","Germany","Italy","France","Netherlands"
"c9_2","Footwear","871","595","567","485","451",0.595,"China","Netherlands","Belgium","Italy","Germany"
"c9_20","Other manufactures (capital)","153","62","54","34","31",0.428,"China","United States","Germany","France","Hong Kong"
"c9_3","Scientific instruments (consumer)","4","4","2","2","1",0.765,"China","Germany","Netherlands","France","Spain"
"c9_4","Photographic & optical goods & clocks (consumer)","618","299","279","257","161",0.362,"Switzerland","Hong Kong","China","France","Ireland"
"c9_5","Scientific instruments (intermediate)","184","174","78","75","54",0.441,"United States","Germany","Netherlands","China","Japan"
"c9_6","Photographic & optical goods & clocks (intermediate)","169","112","111","97","94",0.432,"Japan","Germany","Netherlands","Hong Kong","United States"
"c9_7","Scientific instruments (capital)","1617","1533","1379","1008","454",0.453,"China","United States","Germany","Netherlands","Belgium"
"c9_8","Photographic & optical goods & clocks (capital)","10","5","4","3","2",0.333,"China","United States","France","Germany","Hong Kong"
"c9_9","Works of art","828","347","74","57","56",0.134,"United States","Switzerland","Bermuda","France","Netherlands"
