"id","name","trade_val1","trade_val2","trade_val3","trade_val4","trade_val5","eu_row_split","rank1","rank2","rank3","rank4","rank5"
"c0","Total",45976,"32635","21924","20158","18785",0.475,"United States","Germany","Ireland","Netherlands","France"
"c1","Food & live animals",3607,"1549","1243","975","693",0.671,"Ireland","France","Netherlands","Germany","United States"
"c1_1","Live animals",234,"69","34","31","23",0.641,"Ireland","France","Hong Kong","Japan","United States"
"c1_10","Miscellaneous foods",316,"230","159","131","112",0.586,"Ireland","Germany","Netherlands","China","United States"
"c1_2","Meat & meat preparations",490,"306","299","178","160",0.69,"Ireland","China","France","Netherlands","Germany"
"c1_3","Dairy products & eggs",588,"222","126","125","94",0.742,"Ireland","Netherlands","France","Germany","Belgium"
"c1_4","Fish & shellfish",528,"204","161","155","112",0.745,"France","United States","Spain","Ireland","Netherlands"
"c1_5","Cereals",654,"181","144","101","95",0.657,"Ireland","Netherlands","France","United States","Germany"
"c1_6","Animal feeding stuffs",254,"135","91","85","69",0.624,"Ireland","Norway","France","Germany","Netherlands"
"c1_7","Vegetables & fruit",436,"137","102","80","73",0.737,"Ireland","Netherlands","France","Egypt","Germany"
"c1_8","Sugar",115,"84","48","24","24",0.553,"Ireland","Norway","United States","Netherlands","Germany"
"c1_9","Coffee, tea, cocoa etc",364,"141","109","88","87",0.653,"Ireland","Netherlands","Germany","France","Poland"
"c10","Unspecified goods",6564,"1119","1099","882","620",0.137,"Switzerland","United States","Germany","China","Canada"
"c2","Beverages & tobacco",1325,"514","457","312","282",0.394,"United States","France","Ireland","Singapore","Germany"
"c2_1","Beverages",1324,"513","456","312","282",0.394,"United States","France","Ireland","Singapore","Germany"
"c2_2","Tobacco",2,"1","1","1","1",0.636,"Netherlands","Spain","Poland","Ireland","Singapore"
"c3","Crude materials",873,"608","527","487","427",0.388,"United States","Turkey","India","Belgium","Germany"
"c3_1","Wood & cork",96,"6","4","3","3",0.862,"Ireland","India","France","Germany","Hong Kong"
"c3_2","Pulp & waste paper",112,"45","43","38","37",0.196,"India","Vietnam","Turkey","Malaysia","Indonesia"
"c3_3","Textile fibres",62,"56","35","31","30",0.409,"Ghana","China","Poland","Italy","Nigeria"
"c3_4","Metal ores & scrap",812,"526","373","354","275",0.308,"United States","Turkey","India","Belgium","Pakistan"
"c3_5","Hides, skins & furskins",31,"29","4","4","2",0.538,"Italy","China","Ireland","Turkey","France"
"c3_6","Oil-seeds & oleaginous fruits",39,"12","11","11","4",0.946,"Germany","Netherlands","Ireland","France","Belgium"
"c3_7","Crude rubber",92,"19","15","13","12",0.624,"Belgium","Germany","United States","India","France"
"c3_8","Crude minerals & fertilisers",62,"45","27","22","18",0.614,"Ireland","Germany","Netherlands","Belgium","United States"
"c3_9","Other crude animal & vegetable materials",78,"61","33","30","23",0.749,"Ireland","Netherlands","Germany","France","Spain"
"c4","Animal & vegetable oils & fats",149,"73","62","57","27",0.857,"Netherlands","Ireland","Germany","Belgium","France"
"c4_1","Animal oils & fats",69,"14","11","9","7",0.91,"Netherlands","Ireland","Belgium","France","United States"
"c4_2","Vegetable oils & fats",54,"44","41","40","12",0.826,"Ireland","Germany","Netherlands","Belgium","Sweden"
"c4_3","Processed oils & fats",39,"18","11","10","8",0.897,"Netherlands","Finland","Germany","France","Norway"
"c5","Fuels",8018,"4119","2181","1615","1338",0.634,"Netherlands","China","Germany","Ireland","South Korea"
"c5_1","Crude oil",5836,"4057","2055","1334","612",0.6,"Netherlands","China","Germany","South Korea","Norway"
"c5_2","Refined oil",1802,"1077","891","869","412",0.658,"Netherlands","Ireland","Belgium","United States","Nigeria"
"c5_3","Coal, coke & briquettes",45,"26","12","10","10",0.684,"Ireland","Germany","Norway","Malaysia","Belgium"
"c5_4","Gas",369,"358","183","148","48",0.908,"Ireland","Netherlands","France","Belgium","Morocco incl. Western Sahara"
"c5_5","Electricity",60,"56","17","16","NaN",1,"Ireland","France","Belgium","Netherlands",NA
"c6","Chemicals",10567,"6356","4069","3403","3144",0.52,"United States","Germany","Ireland","Belgium","Netherlands"
"c6_1","Organic chemicals",3604,"1435","891","657","574",0.477,"United States","Germany","Ireland","Netherlands","Belgium"
"c6_2","Inorganic chemicals",266,"203","187","173","170",0.599,"Spain","North Macedonia","France","United States","Poland"
"c6_3","Dyeing, tanning & colouring materials",218,"172","162","143","140",0.626,"Germany","Netherlands","Belgium","Ireland","France"
"c6_4","Medicinal & pharmaceutical products",4733,"2370","1568","1551","1365",0.452,"United States","Germany","China","Belgium","Ireland"
"c6_5","Toilet & cleansing preparations",651,"441","428","399","386",0.621,"Ireland","Germany","Belgium","United States","France"
"c6_6","Plastics in primary forms",481,"307","245","220","220",0.683,"Germany","Belgium","Ireland","United States","France"
"c6_7","Plastics in non-primary forms",345,"331","272","251","165",0.643,"Germany","United States","Ireland","France","Netherlands"
"c6_8","Processed fertilisers",50,"24","16","15","14",0.634,"Ireland","Netherlands","Brazil","China","Spain"
"c6_9","Other chemicals",964,"898","467","374","340",0.524,"United States","Germany","France","Ireland","China"
"c7","Material manufactures",4256,"3854","2760","2382","1770",0.465,"Germany","United States","Ireland","Hong Kong","China"
"c7_1","Leather manufactures",29,"20","17","10","10",0.599,"United States","Italy","Germany","Romania","Poland"
"c7_2","Rubber manufactures",146,"141","137","123","107",0.595,"Germany","United States","Belgium","Ireland","France"
"c7_3","Wood & cork manufactures",143,"32","28","24","18",0.842,"Ireland","France","Belgium","Germany","Netherlands"
"c7_4","Paper & paperboard",502,"255","239","186","102",0.691,"Ireland","Germany","United States","France","Netherlands"
"c7_5","Textile fabrics",308,"247","244","234","196",0.681,"Germany","United States","Ireland","Netherlands","France"
"c7_6","Mineral manufactures",345,"333","298","212","144",0.578,"United States","Ireland","Germany","France","Belgium"
"c7_7","Iron & steel",443,"380","371","271","251",0.66,"Germany","Ireland","Netherlands","United States","Sweden"
"c7_8","Non-ferrous metals",2158,"2122","1843","1478","1278",0.263,"Germany","Hong Kong","United States","Canada","China"
"c7_9","Miscellaneous metal manufactures",786,"725","608","483","325",0.561,"Ireland","United States","Germany","France","Netherlands"
"c8","Machinery & transport equipment",19748,"11948","7766","6428","5444",0.426,"United States","Germany","France","China","Ireland"
"c8_1","Mechanical power generators (consumer)",1,"NaN","NaN","NaN","NaN",1,"Ireland",NA,NA,NA,NA
"c8_10","Metal working machinery (capital)",122,"55","52","37","33",0.463,"United States","Belgium","Ireland","China","Germany"
"c8_11","General industrial machinery (capital)",1492,"835","529","370","349",0.474,"United States","Germany","France","Ireland","Netherlands"
"c8_12","Office machinery (consumer)",5,"4","3","3","1",1,"France","Italy","Spain","Ireland","Denmark"
"c8_13","Telecoms & sound equipment (consumer)",154,"8","7","5","4",0.914,"Ireland","United States","Germany","Netherlands","Poland"
"c8_14","Miscellaneous electrical goods (consumer)",293,"169","56","51","38",0.83,"Ireland","Germany","France","Netherlands","Spain"
"c8_15","Electric motors (intermediate)",40,"9","8","6","6",0.323,"United States","Germany","China","South Africa","Ireland"
"c8_16","Office machinery (intermediate)",230,"116","103","71","67",0.77,"Netherlands","France","Germany","Ireland","United States"
"c8_17","Telecoms & sound equipment (intermediate)",152,"62","62","34","30",0.468,"United States","France","Germany","Hong Kong","Italy"
"c8_18","Miscellaneous electrical goods (intermediate)",1319,"827","531","453","386",0.44,"United States","Germany","China","France","Ireland"
"c8_19","Electric motors (capital)",160,"71","56","51","49",0.281,"United States","Ireland","United Arab Emirates","Germany","Saudi Arabia"
"c8_2","Specialised machinery (consumer)",51,"47","17","10","4",0.876,"Germany","Sweden","Ireland","United States","Netherlands"
"c8_20","Office machinery (capital)",835,"593","465","314","256",0.667,"Ireland","Germany","United States","Netherlands","France"
"c8_21","Telecoms & sound equipment (capital)",750,"640","619","374","316",0.608,"Ireland","United States","Germany","France","Netherlands"
"c8_22","Miscellaneous electrical goods (capital)",769,"754","248","243","221",0.449,"United States","Germany","China","France","Thailand"
"c8_23","Cars",5046,"2944","1544","1538","889",0.371,"United States","China","Germany","Belgium","Netherlands"
"c8_24","Road vehicles other than cars (consumer)",99,"79","62","41","33",0.751,"France","Germany","Ireland","Netherlands","United States"
"c8_25","Road vehicles other than cars (intermediate)",792,"410","394","235","218",0.684,"Germany","France","United States","Spain","Sweden"
"c8_26","Road vehicles other than cars (capital)",270,"241","144","112","101",0.502,"Ireland","United States","France","Belgium","Australia"
"c8_27","Railway equipment (intermediate)",14,"9","8","7","6",0.471,"Germany","France","China","Ireland","Italy"
"c8_28","Railway equipment (capital)",5,"2","1","1","1",0.1,"United States","Hong Kong","Peru","Australia","France"
"c8_29","Aircraft",2459,"2304","2183","496","409",0.553,"Germany","France","United States","Canada","Norway"
"c8_3","General industrial machinery (consumer)",15,"9","7","5","5",0.653,"Ireland","Germany","France","Switzerland","Hong Kong"
"c8_30","Ships",381,"274","240","172","165",0.279,"United States","China","South Korea","Hong Kong","Germany"
"c8_4","Mechanical power generators (intermediate)",3279,"2016","1987","1469","1160",0.229,"United States","Hong Kong","Singapore","Germany","Turkey"
"c8_5","Specialised machinery (intermediate)",322,"148","104","97","82",0.415,"United States","Germany","France","Ireland","Norway"
"c8_6","Metal working machinery (intermediate)",85,"27","26","21","13",0.391,"United States","China","Germany","Ireland","Italy"
"c8_7","General industrial machinery (intermediate)",1053,"497","354","322","255",0.372,"United States","Germany","China","France","Norway"
"c8_8","Mechanical power generators (capital)",470,"253","94","91","74",0.225,"United States","China","Japan","Germany","Turkey"
"c8_9","Specialised machinery (capital)",974,"461","460","402","300",0.47,"United States","Ireland","Germany","France","China"
"c9","Miscellaneous manufactures",6618,"5049","3584","3224","1735",0.512,"United States","Germany","Ireland","France","Netherlands"
"c9_1","Clothing",1357,"982","602","392","339",0.732,"Germany","Ireland","France","Italy","United States"
"c9_10","Jewellery",680,"410","406","316","168",0.263,"Switzerland","Qatar","France","Hong Kong","United States"
"c9_11","Plumbing, heating & lighting fixtures (consumer)",9,"4","3","2","2",0.828,"Ireland","Germany","France","United States","Spain"
"c9_12","Furniture (consumer)",216,"90","63","53","27",0.653,"Ireland","United States","Germany","France","Netherlands"
"c9_13","Travel goods, handbags etc",145,"95","80","73","67",0.493,"Hong Kong","Germany","South Korea","Italy","France"
"c9_14","Other manufactures (consumer)",1200,"1113","977","600","483",0.631,"United States","Germany","Ireland","France","Netherlands"
"c9_15","Plumbing, heating & lighting fixtures (intermediate)",143,"66","54","54","44",0.67,"Ireland","France","Austria","United States","Germany"
"c9_16","Furniture (intermediate)",350,"145","65","51","38",0.32,"United States","France","Germany","China","United Arab Emirates"
"c9_17","Other manufactures (intermediate)",528,"333","257","174","158",0.738,"Germany","Ireland","France","Netherlands","United States"
"c9_18","Plumbing, heating & lighting fixtures (capital)",45,"27","26","17","13",0.87,"Ireland","France","Germany","United States","Spain"
"c9_19","Furniture (capital)",69,"66","52","37","23",0.679,"Germany","Ireland","United States","France","Netherlands"
"c9_2","Footwear",352,"242","224","130","99",0.802,"Germany","Ireland","France","Italy","Netherlands"
"c9_20","Other manufactures (capital)",43,"33","30","25","25",0.417,"United States","Germany","Australia","South Korea","France"
"c9_3","Scientific instruments (consumer)",1,"1","1","1","1",1,"Italy","Poland","Spain","Netherlands","Sweden"
"c9_4","Photographic & optical goods & clocks (consumer)",231,"150","147","109","103",0.381,"United States","Hong Kong","Switzerland","France","Germany"
"c9_5","Scientific instruments (intermediate)",260,"183","91","89","81",0.38,"United States","Germany","Spain","France","Saudi Arabia"
"c9_6","Photographic & optical goods & clocks (intermediate)",93,"71","68","38","37",0.572,"United States","Netherlands","Germany","France","Hong Kong"
"c9_7","Scientific instruments (capital)",1911,"862","649","418","355",0.373,"United States","Germany","China","France","Netherlands"
"c9_8","Photographic & optical goods & clocks (capital)",1,"1","1","1","1",0.6,"United States","Denmark","South Korea","Ireland","France"
"c9_9","Works of art",1562,"449","212","130","55",0.053,"United States","Switzerland","Hong Kong","Bermuda","France"
