﻿measure,heading,updownthesame,definition,commentary,source,startdate,enddate,yaxisstart,yaxisend,Links,monthly change,since Feb 20,quartery change,change since DF20,change since JM20
payrolledemployees,Payrolled employees,up,The number of payrolled employees,The number of payroll employees is above pre-pandemic levels,Source: HMRC PAYE RTI,Jul-14,Nov-21,26,30,https://www.ons.gov.uk/employmentandlabourmarket/peopleinwork/earningsandworkinghours/bulletins/earningsandemploymentfrompayasyouearnrealtimeinformationuk/latest,"257,000","424,000",,,
employmentrate,Employment rate,up,Employment rate (all aged 16 to 64),Employment rate is up on the quarter and up on the year but still below pre-pandemic rates,Source: ONS LFS,Aug to Oct 2006,Aug to Oct 2021,70,80,https://www.ons.gov.uk/employmentandlabourmarket/peopleinwork/employmentandemployeetypes/bulletins/employmentintheuk/latest,,,0.2,-1.1,
unemploymentrate,Unemployment rate,up,Unemployment rate (all aged 16+),"Unemployment rate is down on the quarter and down on the year, but still above pre-pandemic rates",Source: ONS LFS,Aug to Oct 2006,Aug to Oct 2021,3,10,https://www.ons.gov.uk/employmentandlabourmarket/peopleinwork/employmentandemployeetypes/bulletins/employmentintheuk/latest,,,-0.4,0.2,
inactivityrate,Inactivity rate,up,Economic inactivity rate (all aged 16 to 64),"Inactivity rate is up on the quarter, up on the year and still above pre-pandemic rates",Source: ONS LFS,Aug to Oct 2006,Aug to Oct 2021,20,24,https://www.ons.gov.uk/employmentandlabourmarket/peopleinwork/employmentandemployeetypes/bulletins/employmentintheuk/latest,,,0.1,1,
redundancyrate,Redundancy rate,up,Redundancy rate (per 1000 employees),Redundancies increased on the quarter but are still at pre-pandemic levels,Source: ONS LFS,Aug to Oct 2006,Aug to Oct 2021,0,15,https://www.ons.gov.uk/employmentandlabourmarket/peopleinwork/employmentandemployeetypes/bulletins/employmentintheuk/latest,,,0.1,-0.4,
totalweeklyhours,Hours worked,up,Total actual weekly hours worked,"Total actual weekly hours worked increased on the quarter, but are still below pre-pandemic levels",Source: ONS LFS,Aug to Oct 2006,Aug to Oct 2021,800,1100,https://www.ons.gov.uk/employmentandlabourmarket/peopleinwork/employmentandemployeetypes/bulletins/employmentintheuk/latest,,,17.6,-27.8,
vacancies,Job vacancies,up,Number of job vacancies ,Vacancies increased on the quarter and continue to be at record levels,Source: ONS Vacancy Survey,Sep to Nov 2006,Sep to Nov 2021,300,1200,https://www.ons.gov.uk/employmentandlabourmarket/peopleinwork/employmentandemployeetypes/bulletins/jobsandvacanciesintheuk/latest,,,185,,434
earnings,Nominal pay,up,Average Weekly Earnings annual growth rates,"Annual growth in average employee pay has previously been affected by base and compositional effects, these temporary factors have largely worked their way out of the latest growth rates. ",Source: ONS MWSS,Aug to Oct 2006,Aug to Oct 2021,-3,9,,,,,,
