date,category,chiffre,min,max
20/11/2021,North East,2.27,1.85,2.73
21/11/2021,North East,2.30,1.87,2.78
22/11/2021,North East,2.32,1.88,2.81
23/11/2021,North East,2.31,1.88,2.80
24/11/2021,North East,2.28,1.87,2.75
25/11/2021,North East,2.24,1.84,2.68
26/11/2021,North East,2.17,1.79,2.59
27/11/2021,North East,2.10,1.73,2.51
28/11/2021,North East,2.02,1.65,2.42
29/11/2021,North East,1.94,1.58,2.32
30/11/2021,North East,1.85,1.49,2.24
01/12/2021,North East,1.77,1.41,2.16
02/12/2021,North East,1.69,1.35,2.08
03/12/2021,North East,1.62,1.29,2.00
04/12/2021,North East,1.56,1.25,1.93
05/12/2021,North East,1.52,1.21,1.87
06/12/2021,North East,1.48,1.18,1.82
07/12/2021,North East,1.45,1.16,1.79
08/12/2021,North East,1.44,1.14,1.79
09/12/2021,North East,1.44,1.13,1.79
10/12/2021,North East,1.45,1.14,1.81
11/12/2021,North East,1.48,1.16,1.84
12/12/2021,North East,1.52,1.19,1.88
13/12/2021,North East,1.57,1.23,1.93
14/12/2021,North East,1.64,1.30,2.01
15/12/2021,North East,1.72,1.38,2.10
16/12/2021,North East,1.82,1.48,2.21
17/12/2021,North East,1.94,1.59,2.34
18/12/2021,North East,2.09,1.71,2.52
19/12/2021,North East,2.26,1.84,2.71
20/12/2021,North East,2.45,1.99,2.95
21/12/2021,North East,2.67,2.16,3.22
22/12/2021,North East,2.93,2.35,3.54
23/12/2021,North East,3.21,2.61,3.87
24/12/2021,North East,3.54,2.89,4.25
25/12/2021,North East,3.91,3.23,4.65
26/12/2021,North East,4.32,3.62,5.08
27/12/2021,North East,4.79,4.05,5.58
28/12/2021,North East,5.31,4.49,6.18
29/12/2021,North East,null,4.93,6.93
30/12/2021,North East,null,5.33,7.84
31/12/2021,North East,null,5.78,8.91
20/11/2021,North West,1.56,1.36,1.78
21/11/2021,North West,1.56,1.35,1.78
22/11/2021,North West,1.56,1.35,1.79
23/11/2021,North West,1.56,1.35,1.78
24/11/2021,North West,1.55,1.34,1.78
25/11/2021,North West,1.55,1.35,1.77
26/11/2021,North West,1.55,1.35,1.76
27/11/2021,North West,1.54,1.35,1.75
28/11/2021,North West,1.54,1.34,1.75
29/11/2021,North West,1.53,1.33,1.75
30/11/2021,North West,1.51,1.31,1.74
01/12/2021,North West,1.50,1.29,1.73
02/12/2021,North West,1.49,1.28,1.71
03/12/2021,North West,1.47,1.27,1.69
04/12/2021,North West,1.46,1.26,1.67
05/12/2021,North West,1.45,1.25,1.66
06/12/2021,North West,1.45,1.26,1.65
07/12/2021,North West,1.45,1.27,1.65
08/12/2021,North West,1.47,1.28,1.66
09/12/2021,North West,1.49,1.31,1.69
10/12/2021,North West,1.53,1.34,1.74
11/12/2021,North West,1.59,1.39,1.81
12/12/2021,North West,1.66,1.46,1.89
13/12/2021,North West,1.76,1.55,1.99
14/12/2021,North West,1.88,1.66,2.11
15/12/2021,North West,2.02,1.80,2.26
16/12/2021,North West,2.20,1.97,2.45
17/12/2021,North West,2.41,2.17,2.67
18/12/2021,North West,2.66,2.40,2.94
19/12/2021,North West,2.95,2.66,3.25
20/12/2021,North West,3.29,2.95,3.64
21/12/2021,North West,3.67,3.29,4.08
22/12/2021,North West,4.10,3.67,4.57
23/12/2021,North West,4.58,4.10,5.11
24/12/2021,North West,5.12,4.59,5.69
25/12/2021,North West,5.71,5.16,6.30
26/12/2021,North West,6.35,5.80,6.93
27/12/2021,North West,7.06,6.52,7.64
28/12/2021,North West,7.84,7.24,8.47
29/12/2021,North West,null,7.96,9.42
30/12/2021,North West,null,8.67,10.56
31/12/2021,North West,null,9.41,11.89
20/11/2021,Yorkshire and The Humber,1.65,1.42,1.90
21/11/2021,Yorkshire and The Humber,1.65,1.41,1.91
22/11/2021,Yorkshire and The Humber,1.65,1.41,1.91
23/11/2021,Yorkshire and The Humber,1.65,1.41,1.91
24/11/2021,Yorkshire and The Humber,1.65,1.42,1.90
25/11/2021,Yorkshire and The Humber,1.64,1.42,1.89
26/11/2021,Yorkshire and The Humber,1.63,1.41,1.88
27/11/2021,Yorkshire and The Humber,1.62,1.39,1.86
28/11/2021,Yorkshire and The Humber,1.60,1.37,1.84
29/11/2021,Yorkshire and The Humber,1.58,1.34,1.83
30/11/2021,Yorkshire and The Humber,1.55,1.32,1.82
01/12/2021,Yorkshire and The Humber,1.52,1.28,1.79
02/12/2021,Yorkshire and The Humber,1.49,1.26,1.75
03/12/2021,Yorkshire and The Humber,1.46,1.23,1.72
04/12/2021,Yorkshire and The Humber,1.43,1.20,1.67
05/12/2021,Yorkshire and The Humber,1.40,1.18,1.64
06/12/2021,Yorkshire and The Humber,1.38,1.17,1.60
07/12/2021,Yorkshire and The Humber,1.37,1.16,1.59
08/12/2021,Yorkshire and The Humber,1.37,1.16,1.59
09/12/2021,Yorkshire and The Humber,1.38,1.17,1.60
10/12/2021,Yorkshire and The Humber,1.40,1.19,1.63
11/12/2021,Yorkshire and The Humber,1.44,1.22,1.67
12/12/2021,Yorkshire and The Humber,1.49,1.26,1.74
13/12/2021,Yorkshire and The Humber,1.57,1.33,1.82
14/12/2021,Yorkshire and The Humber,1.66,1.43,1.92
15/12/2021,Yorkshire and The Humber,1.78,1.54,2.05
16/12/2021,Yorkshire and The Humber,1.93,1.68,2.19
17/12/2021,Yorkshire and The Humber,2.10,1.85,2.38
18/12/2021,Yorkshire and The Humber,2.31,2.03,2.60
19/12/2021,Yorkshire and The Humber,2.54,2.23,2.87
20/12/2021,Yorkshire and The Humber,2.81,2.45,3.19
21/12/2021,Yorkshire and The Humber,3.12,2.72,3.55
22/12/2021,Yorkshire and The Humber,3.45,3.01,3.94
23/12/2021,Yorkshire and The Humber,3.81,3.32,4.35
24/12/2021,Yorkshire and The Humber,4.21,3.68,4.78
25/12/2021,Yorkshire and The Humber,4.63,4.08,5.22
26/12/2021,Yorkshire and The Humber,5.08,4.51,5.67
27/12/2021,Yorkshire and The Humber,5.57,5.01,6.16
28/12/2021,Yorkshire and The Humber,6.08,5.49,6.69
29/12/2021,Yorkshire and The Humber,null,5.95,7.36
30/12/2021,Yorkshire and The Humber,null,6.38,8.13
31/12/2021,Yorkshire and The Humber,null,6.81,9.06
20/11/2021,East Midlands,2.20,1.87,2.54
21/11/2021,East Midlands,2.18,1.85,2.54
22/11/2021,East Midlands,2.16,1.83,2.51
23/11/2021,East Midlands,2.12,1.79,2.46
24/11/2021,East Midlands,2.06,1.75,2.40
25/11/2021,East Midlands,2.00,1.70,2.33
26/11/2021,East Midlands,1.94,1.65,2.26
27/11/2021,East Midlands,1.87,1.58,2.17
28/11/2021,East Midlands,1.80,1.52,2.10
29/11/2021,East Midlands,1.73,1.45,2.03
30/11/2021,East Midlands,1.67,1.39,1.98
01/12/2021,East Midlands,1.61,1.33,1.92
02/12/2021,East Midlands,1.57,1.29,1.88
03/12/2021,East Midlands,1.53,1.26,1.83
04/12/2021,East Midlands,1.50,1.24,1.80
05/12/2021,East Midlands,1.49,1.24,1.77
06/12/2021,East Midlands,1.49,1.24,1.76
07/12/2021,East Midlands,1.49,1.25,1.78
08/12/2021,East Midlands,1.52,1.26,1.80
09/12/2021,East Midlands,1.55,1.29,1.83
10/12/2021,East Midlands,1.60,1.33,1.88
11/12/2021,East Midlands,1.66,1.38,1.95
12/12/2021,East Midlands,1.73,1.44,2.04
13/12/2021,East Midlands,1.82,1.52,2.13
14/12/2021,East Midlands,1.92,1.62,2.23
15/12/2021,East Midlands,2.03,1.74,2.35
16/12/2021,East Midlands,2.16,1.87,2.49
17/12/2021,East Midlands,2.31,2.01,2.65
18/12/2021,East Midlands,2.47,2.15,2.82
19/12/2021,East Midlands,2.65,2.30,3.03
20/12/2021,East Midlands,2.86,2.46,3.28
21/12/2021,East Midlands,3.08,2.63,3.55
22/12/2021,East Midlands,3.32,2.83,3.85
23/12/2021,East Midlands,3.58,3.06,4.14
24/12/2021,East Midlands,3.87,3.33,4.46
25/12/2021,East Midlands,4.19,3.63,4.79
26/12/2021,East Midlands,4.53,3.96,5.15
27/12/2021,East Midlands,4.90,4.31,5.54
28/12/2021,East Midlands,5.30,4.65,6.01
29/12/2021,East Midlands,null,4.96,6.57
30/12/2021,East Midlands,null,5.26,7.28
31/12/2021,East Midlands,null,5.54,8.13
20/11/2021,West Midlands,1.60,1.37,1.86
21/11/2021,West Midlands,1.58,1.35,1.85
22/11/2021,West Midlands,1.56,1.33,1.82
23/11/2021,West Midlands,1.55,1.32,1.80
24/11/2021,West Midlands,1.54,1.31,1.79
25/11/2021,West Midlands,1.54,1.32,1.79
26/11/2021,West Midlands,1.54,1.32,1.79
27/11/2021,West Midlands,1.55,1.33,1.79
28/11/2021,West Midlands,1.55,1.33,1.80
29/11/2021,West Midlands,1.56,1.33,1.82
30/11/2021,West Midlands,1.56,1.32,1.83
01/12/2021,West Midlands,1.57,1.32,1.84
02/12/2021,West Midlands,1.57,1.31,1.85
03/12/2021,West Midlands,1.57,1.32,1.85
04/12/2021,West Midlands,1.57,1.33,1.84
05/12/2021,West Midlands,1.58,1.34,1.84
06/12/2021,West Midlands,1.58,1.35,1.84
07/12/2021,West Midlands,1.60,1.36,1.85
08/12/2021,West Midlands,1.61,1.37,1.87
09/12/2021,West Midlands,1.64,1.39,1.90
10/12/2021,West Midlands,1.68,1.42,1.95
11/12/2021,West Midlands,1.72,1.46,2.00
12/12/2021,West Midlands,1.79,1.52,2.08
13/12/2021,West Midlands,1.87,1.59,2.17
14/12/2021,West Midlands,1.96,1.68,2.27
15/12/2021,West Midlands,2.08,1.80,2.39
16/12/2021,West Midlands,2.22,1.93,2.53
17/12/2021,West Midlands,2.38,2.08,2.70
18/12/2021,West Midlands,2.56,2.25,2.91
19/12/2021,West Midlands,2.77,2.43,3.16
20/12/2021,West Midlands,3.01,2.61,3.44
21/12/2021,West Midlands,3.27,2.82,3.76
22/12/2021,West Midlands,3.55,3.06,4.10
23/12/2021,West Midlands,3.86,3.33,4.45
24/12/2021,West Midlands,4.19,3.63,4.81
25/12/2021,West Midlands,4.54,3.98,5.17
26/12/2021,West Midlands,4.91,4.34,5.53
27/12/2021,West Midlands,5.31,4.72,5.94
28/12/2021,West Midlands,5.73,5.07,6.44
29/12/2021,West Midlands,null,5.42,7.00
30/12/2021,West Midlands,null,5.73,7.69
31/12/2021,West Midlands,null,6.01,8.51
20/11/2021,East of England,1.59,1.37,1.83
21/11/2021,East of England,1.59,1.36,1.83
22/11/2021,East of England,1.59,1.36,1.84
23/11/2021,East of England,1.59,1.37,1.84
24/11/2021,East of England,1.59,1.38,1.84
25/11/2021,East of England,1.60,1.39,1.83
26/11/2021,East of England,1.61,1.40,1.83
27/11/2021,East of England,1.61,1.41,1.84
28/11/2021,East of England,1.62,1.42,1.85
29/11/2021,East of England,1.63,1.42,1.87
30/11/2021,East of England,1.64,1.42,1.88
01/12/2021,East of England,1.65,1.42,1.90
02/12/2021,East of England,1.67,1.43,1.92
03/12/2021,East of England,1.68,1.44,1.93
04/12/2021,East of England,1.69,1.46,1.95
05/12/2021,East of England,1.71,1.48,1.97
06/12/2021,East of England,1.74,1.51,1.99
07/12/2021,East of England,1.77,1.54,2.02
08/12/2021,East of England,1.81,1.57,2.07
09/12/2021,East of England,1.86,1.62,2.13
10/12/2021,East of England,1.93,1.68,2.20
11/12/2021,East of England,2.01,1.75,2.29
12/12/2021,East of England,2.10,1.83,2.39
13/12/2021,East of England,2.21,1.94,2.50
14/12/2021,East of England,2.33,2.07,2.63
15/12/2021,East of England,2.47,2.21,2.77
16/12/2021,East of England,2.64,2.36,2.92
17/12/2021,East of England,2.81,2.53,3.10
18/12/2021,East of England,3.00,2.71,3.31
19/12/2021,East of England,3.21,2.89,3.55
20/12/2021,East of England,3.42,3.07,3.80
21/12/2021,East of England,3.64,3.24,4.06
22/12/2021,East of England,3.86,3.42,4.31
23/12/2021,East of England,4.07,3.61,4.57
24/12/2021,East of England,4.28,3.81,4.80
25/12/2021,East of England,4.49,4.02,5.01
26/12/2021,East of England,4.68,4.20,5.18
27/12/2021,East of England,4.87,4.38,5.37
28/12/2021,East of England,5.05,4.52,5.59
29/12/2021,East of England,null,4.61,5.87
30/12/2021,East of England,null,4.66,6.19
31/12/2021,East of England,null,4.69,6.58
20/11/2021,London,1.47,1.31,1.66
21/11/2021,London,1.53,1.36,1.73
22/11/2021,London,1.59,1.40,1.79
23/11/2021,London,1.63,1.45,1.84
24/11/2021,London,1.67,1.48,1.88
25/11/2021,London,1.70,1.52,1.90
26/11/2021,London,1.73,1.54,1.91
27/11/2021,London,1.74,1.57,1.93
28/11/2021,London,1.75,1.58,1.94
29/11/2021,London,1.76,1.57,1.95
30/11/2021,London,1.77,1.58,1.96
01/12/2021,London,1.78,1.59,1.97
02/12/2021,London,1.79,1.60,1.99
03/12/2021,London,1.82,1.62,2.02
04/12/2021,London,1.85,1.66,2.05
05/12/2021,London,1.91,1.72,2.10
06/12/2021,London,1.99,1.80,2.17
07/12/2021,London,2.09,1.91,2.28
08/12/2021,London,2.23,2.04,2.42
09/12/2021,London,2.40,2.21,2.61
10/12/2021,London,2.63,2.42,2.85
11/12/2021,London,2.90,2.67,3.14
12/12/2021,London,3.23,2.98,3.50
13/12/2021,London,3.63,3.36,3.92
14/12/2021,London,4.10,3.81,4.41
15/12/2021,London,4.63,4.33,4.95
16/12/2021,London,5.22,4.92,5.56
17/12/2021,London,5.87,5.54,6.21
18/12/2021,London,6.54,6.18,6.90
19/12/2021,London,7.20,6.81,7.61
20/12/2021,London,7.83,7.38,8.30
21/12/2021,London,8.39,7.87,8.92
22/12/2021,London,8.84,8.27,9.41
23/12/2021,London,9.15,8.58,9.77
24/12/2021,London,9.33,8.75,9.94
25/12/2021,London,9.36,8.80,9.96
26/12/2021,London,9.26,8.71,9.82
27/12/2021,London,9.06,8.53,9.61
28/12/2021,London,8.79,8.26,9.33
29/12/2021,London,null,7.90,9.09
30/12/2021,London,null,7.49,8.85
31/12/2021,London,null,7.07,8.62
20/11/2021,South East,1.65,1.46,1.85
21/11/2021,South East,1.68,1.48,1.90
22/11/2021,South East,1.72,1.52,1.95
23/11/2021,South East,1.77,1.56,1.99
24/11/2021,South East,1.81,1.61,2.03
25/11/2021,South East,1.86,1.65,2.07
26/11/2021,South East,1.90,1.70,2.11
27/11/2021,South East,1.95,1.75,2.16
28/11/2021,South East,1.99,1.78,2.21
29/11/2021,South East,2.03,1.81,2.25
30/11/2021,South East,2.06,1.83,2.30
01/12/2021,South East,2.09,1.86,2.33
02/12/2021,South East,2.11,1.87,2.36
03/12/2021,South East,2.12,1.88,2.37
04/12/2021,South East,2.13,1.90,2.38
05/12/2021,South East,2.15,1.91,2.39
06/12/2021,South East,2.16,1.94,2.40
07/12/2021,South East,2.17,1.95,2.41
08/12/2021,South East,2.20,1.98,2.45
09/12/2021,South East,2.23,2.01,2.48
10/12/2021,South East,2.28,2.05,2.53
11/12/2021,South East,2.34,2.10,2.60
12/12/2021,South East,2.41,2.17,2.68
13/12/2021,South East,2.51,2.25,2.77
14/12/2021,South East,2.62,2.36,2.89
15/12/2021,South East,2.75,2.50,3.01
16/12/2021,South East,2.90,2.65,3.16
17/12/2021,South East,3.06,2.81,3.34
18/12/2021,South East,3.24,2.97,3.52
19/12/2021,South East,3.43,3.14,3.73
20/12/2021,South East,3.62,3.30,3.96
21/12/2021,South East,3.80,3.46,4.17
22/12/2021,South East,3.99,3.61,4.38
23/12/2021,South East,4.16,3.76,4.57
24/12/2021,South East,4.31,3.91,4.74
25/12/2021,South East,4.44,4.05,4.86
26/12/2021,South East,4.56,4.16,4.97
27/12/2021,South East,4.66,4.26,5.08
28/12/2021,South East,4.74,4.32,5.20
29/12/2021,South East,null,4.33,5.34
30/12/2021,South East,null,4.30,5.51
31/12/2021,South East,null,4.26,5.69
20/11/2021,South West,1.65,1.43,1.90
21/11/2021,South West,1.67,1.44,1.92
22/11/2021,South West,1.69,1.45,1.95
23/11/2021,South West,1.72,1.48,1.97
24/11/2021,South West,1.76,1.52,2.01
25/11/2021,South West,1.80,1.56,2.05
26/11/2021,South West,1.84,1.61,2.10
27/11/2021,South West,1.89,1.65,2.16
28/11/2021,South West,1.93,1.69,2.20
29/11/2021,South West,1.97,1.72,2.25
30/11/2021,South West,2.00,1.74,2.29
01/12/2021,South West,2.02,1.75,2.33
02/12/2021,South West,2.03,1.75,2.35
03/12/2021,South West,2.03,1.75,2.36
04/12/2021,South West,2.02,1.75,2.34
05/12/2021,South West,2.00,1.74,2.31
06/12/2021,South West,1.98,1.72,2.27
07/12/2021,South West,1.95,1.70,2.24
08/12/2021,South West,1.93,1.68,2.21
09/12/2021,South West,1.91,1.65,2.20
10/12/2021,South West,1.89,1.63,2.18
11/12/2021,South West,1.89,1.63,2.18
12/12/2021,South West,1.90,1.64,2.18
13/12/2021,South West,1.92,1.65,2.20
14/12/2021,South West,1.95,1.69,2.23
15/12/2021,South West,2.00,1.75,2.28
16/12/2021,South West,2.07,1.81,2.34
17/12/2021,South West,2.15,1.89,2.44
18/12/2021,South West,2.24,1.97,2.54
19/12/2021,South West,2.35,2.06,2.67
20/12/2021,South West,2.46,2.15,2.82
21/12/2021,South West,2.58,2.24,2.96
22/12/2021,South West,2.70,2.34,3.11
23/12/2021,South West,2.83,2.45,3.25
24/12/2021,South West,2.95,2.56,3.37
25/12/2021,South West,3.07,2.68,3.50
26/12/2021,South West,3.18,2.79,3.60
27/12/2021,South West,3.29,2.89,3.72
28/12/2021,South West,3.39,2.95,3.86
29/12/2021,South West,null,2.99,4.04
30/12/2021,South West,null,2.99,4.26
31/12/2021,South West,null,3.00,4.49
