category,series,date,chiffre
EU exports,Food and live animals,Nov-19,0.7
EU exports,Fuels,Nov-19,1.7
EU exports,Chemicals,Nov-19,1.9
EU exports,Material manufactures,Nov-19,1.2
EU exports,Machinery and transport equipment,Nov-19,4.7
EU exports,Food and live animals,Dec-19,0.8
EU exports,Fuels,Dec-19,2.3
EU exports,Chemicals,Dec-19,2.4
EU exports,Material manufactures,Dec-19,1.3
EU exports,Machinery and transport equipment,Dec-19,4.9
EU exports,Food and live animals,Jan-20,0.9
EU exports,Fuels,Jan-20,1.9
EU exports,Chemicals,Jan-20,2.1
EU exports,Material manufactures,Jan-20,1.4
EU exports,Machinery and transport equipment,Jan-20,4.9
EU exports,Food and live animals,Feb-20,0.8
EU exports,Fuels,Feb-20,2
EU exports,Chemicals,Feb-20,2.3
EU exports,Material manufactures,Feb-20,1.4
EU exports,Machinery and transport equipment,Feb-20,4.7
EU exports,Food and live animals,Mar-20,0.8
EU exports,Fuels,Mar-20,1.3
EU exports,Chemicals,Mar-20,2.3
EU exports,Material manufactures,Mar-20,1.3
EU exports,Machinery and transport equipment,Mar-20,3.9
EU exports,Food and live animals,Apr-20,0.8
EU exports,Fuels,Apr-20,1.1
EU exports,Chemicals,Apr-20,2.2
EU exports,Material manufactures,Apr-20,1
EU exports,Machinery and transport equipment,Apr-20,2.4
EU exports,Food and live animals,May-20,0.8
EU exports,Fuels,May-20,1.1
EU exports,Chemicals,May-20,2.3
EU exports,Material manufactures,May-20,1.1
EU exports,Machinery and transport equipment,May-20,2.7
EU exports,Food and live animals,Jun-20,0.8
EU exports,Fuels,Jun-20,1.1
EU exports,Chemicals,Jun-20,2.1
EU exports,Material manufactures,Jun-20,1.1
EU exports,Machinery and transport equipment,Jun-20,3.7
EU exports,Food and live animals,Jul-20,0.9
EU exports,Fuels,Jul-20,1.4
EU exports,Chemicals,Jul-20,2.1
EU exports,Material manufactures,Jul-20,1.2
EU exports,Machinery and transport equipment,Jul-20,3.9
EU exports,Food and live animals,Aug-20,0.9
EU exports,Fuels,Aug-20,1.3
EU exports,Chemicals,Aug-20,2.2
EU exports,Material manufactures,Aug-20,1.4
EU exports,Machinery and transport equipment,Aug-20,4.1
EU exports,Food and live animals,Sep-20,0.9
EU exports,Fuels,Sep-20,1.2
EU exports,Chemicals,Sep-20,2.2
EU exports,Material manufactures,Sep-20,1.3
EU exports,Machinery and transport equipment,Sep-20,4.2
EU exports,Food and live animals,Oct-20,0.8
EU exports,Fuels,Oct-20,1.3
EU exports,Chemicals,Oct-20,2.5
EU exports,Material manufactures,Oct-20,1.4
EU exports,Machinery and transport equipment,Oct-20,4.4
EU exports,Food and live animals,Nov-20,0.9
EU exports,Fuels,Nov-20,1.3
EU exports,Chemicals,Nov-20,2.6
EU exports,Material manufactures,Nov-20,1.6
EU exports,Machinery and transport equipment,Nov-20,4.6
EU exports,Food and live animals,Dec-20,1
EU exports,Fuels,Dec-20,1.4
EU exports,Chemicals,Dec-20,3
EU exports,Material manufactures,Dec-20,1.7
EU exports,Machinery and transport equipment,Dec-20,4.7
EU exports,Food and live animals,Jan-21,0.3
EU exports,Fuels,Jan-21,1.2
EU exports,Chemicals,Jan-21,1.1
EU exports,Material manufactures,Jan-21,0.9
EU exports,Machinery and transport equipment,Jan-21,2.9
EU exports,Food and live animals,Feb-21,0.6
EU exports,Fuels,Feb-21,1.4
EU exports,Chemicals,Feb-21,2.1
EU exports,Material manufactures,Feb-21,1.3
EU exports,Machinery and transport equipment,Feb-21,4.4
EU exports,Food and live animals,Mar-21,0.7
EU exports,Fuels,Mar-21,1.3
EU exports,Chemicals,Mar-21,2.4
EU exports,Material manufactures,Mar-21,1.4
EU exports,Machinery and transport equipment,Mar-21,4.7
EU exports,Food and live animals,Apr-21,0.8
EU exports,Fuels,Apr-21,1
EU exports,Chemicals,Apr-21,2.3
EU exports,Material manufactures,Apr-21,1.5
EU exports,Machinery and transport equipment,Apr-21,4.6
EU exports,Food and live animals,May-21,0.9
EU exports,Fuels,May-21,1.4
EU exports,Chemicals,May-21,2.6
EU exports,Material manufactures,May-21,1.7
EU exports,Machinery and transport equipment,May-21,4.7
EU exports,Food and live animals,Jun-21,0.8
EU exports,Fuels,Jun-21,1.3
EU exports,Chemicals,Jun-21,2.6
EU exports,Material manufactures,Jun-21,1.6
EU exports,Machinery and transport equipment,Jun-21,4.5
EU exports,Food and live animals,Jul-21,0.8
EU exports,Fuels,Jul-21,1.5
EU exports,Chemicals,Jul-21,2.3
EU exports,Material manufactures,Jul-21,1.5
EU exports,Machinery and transport equipment,Jul-21,4.7
EU exports,Food and live animals,Aug-21,0.8
EU exports,Fuels,Aug-21,1.5
EU exports,Chemicals,Aug-21,2.3
EU exports,Material manufactures,Aug-21,1.5
EU exports,Machinery and transport equipment,Aug-21,4.2
EU exports,Food and live animals,Sep-21,0.7
EU exports,Fuels,Sep-21,1.8
EU exports,Chemicals,Sep-21,2.1
EU exports,Material manufactures,Sep-21,1.4
EU exports,Machinery and transport equipment,Sep-21,4.4
EU exports,Food and live animals,Oct-21,0.8
EU exports,Fuels,Oct-21,2.3
EU exports,Chemicals,Oct-21,2.4
EU exports,Material manufactures,Oct-21,1.5
EU exports,Machinery and transport equipment,Oct-21,4.4
EU exports,Food and live animals,Nov-21,0.8
EU exports,Fuels,Nov-21,2.1
EU exports,Chemicals,Nov-21,2.5
EU exports,Material manufactures,Nov-21,1.5
EU exports,Machinery and transport equipment,Nov-21,4.5
Non-EU exports,Food and live animals,Nov-19,0.4
Non-EU exports,Fuels,Nov-19,1.7
Non-EU exports,Chemicals,Nov-19,2.3
Non-EU exports,Material manufactures,Nov-19,1.2
Non-EU exports,Machinery and transport equipment,Nov-19,6.6
Non-EU exports,Food and live animals,Dec-19,0.4
Non-EU exports,Fuels,Dec-19,1.4
Non-EU exports,Chemicals,Dec-19,2.2
Non-EU exports,Material manufactures,Dec-19,1.2
Non-EU exports,Machinery and transport equipment,Dec-19,6.8
Non-EU exports,Food and live animals,Jan-20,0.5
Non-EU exports,Fuels,Jan-20,1.2
Non-EU exports,Chemicals,Jan-20,2.6
Non-EU exports,Material manufactures,Jan-20,1.3
Non-EU exports,Machinery and transport equipment,Jan-20,6.5
Non-EU exports,Food and live animals,Feb-20,0.4
Non-EU exports,Fuels,Feb-20,0.8
Non-EU exports,Chemicals,Feb-20,2
Non-EU exports,Material manufactures,Feb-20,1.3
Non-EU exports,Machinery and transport equipment,Feb-20,6.5
Non-EU exports,Food and live animals,Mar-20,0.4
Non-EU exports,Fuels,Mar-20,0.9
Non-EU exports,Chemicals,Mar-20,2.3
Non-EU exports,Material manufactures,Mar-20,1.4
Non-EU exports,Machinery and transport equipment,Mar-20,6
Non-EU exports,Food and live animals,Apr-20,0.4
Non-EU exports,Fuels,Apr-20,0.7
Non-EU exports,Chemicals,Apr-20,2.4
Non-EU exports,Material manufactures,Apr-20,1.3
Non-EU exports,Machinery and transport equipment,Apr-20,4.1
Non-EU exports,Food and live animals,May-20,0.4
Non-EU exports,Fuels,May-20,0.6
Non-EU exports,Chemicals,May-20,2.2
Non-EU exports,Material manufactures,May-20,1.4
Non-EU exports,Machinery and transport equipment,May-20,4
Non-EU exports,Food and live animals,Jun-20,0.4
Non-EU exports,Fuels,Jun-20,0.8
Non-EU exports,Chemicals,Jun-20,2.1
Non-EU exports,Material manufactures,Jun-20,1.7
Non-EU exports,Machinery and transport equipment,Jun-20,5
Non-EU exports,Food and live animals,Jul-20,0.4
Non-EU exports,Fuels,Jul-20,0.4
Non-EU exports,Chemicals,Jul-20,2.2
Non-EU exports,Material manufactures,Jul-20,1.6
Non-EU exports,Machinery and transport equipment,Jul-20,5.3
Non-EU exports,Food and live animals,Aug-20,0.4
Non-EU exports,Fuels,Aug-20,0.8
Non-EU exports,Chemicals,Aug-20,2.2
Non-EU exports,Material manufactures,Aug-20,1.7
Non-EU exports,Machinery and transport equipment,Aug-20,5.4
Non-EU exports,Food and live animals,Sep-20,0.4
Non-EU exports,Fuels,Sep-20,0.6
Non-EU exports,Chemicals,Sep-20,1.8
Non-EU exports,Material manufactures,Sep-20,1.8
Non-EU exports,Machinery and transport equipment,Sep-20,5.2
Non-EU exports,Food and live animals,Oct-20,0.4
Non-EU exports,Fuels,Oct-20,0.6
Non-EU exports,Chemicals,Oct-20,2
Non-EU exports,Material manufactures,Oct-20,1.6
Non-EU exports,Machinery and transport equipment,Oct-20,5.7
Non-EU exports,Food and live animals,Nov-20,0.4
Non-EU exports,Fuels,Nov-20,1
Non-EU exports,Chemicals,Nov-20,2
Non-EU exports,Material manufactures,Nov-20,1.7
Non-EU exports,Machinery and transport equipment,Nov-20,5.6
Non-EU exports,Food and live animals,Dec-20,0.4
Non-EU exports,Fuels,Dec-20,0.9
Non-EU exports,Chemicals,Dec-20,2.1
Non-EU exports,Material manufactures,Dec-20,1.5
Non-EU exports,Machinery and transport equipment,Dec-20,5.5
Non-EU exports,Food and live animals,Jan-21,0.4
Non-EU exports,Fuels,Jan-21,1
Non-EU exports,Chemicals,Jan-21,2.4
Non-EU exports,Material manufactures,Jan-21,1.6
Non-EU exports,Machinery and transport equipment,Jan-21,5.5
Non-EU exports,Food and live animals,Feb-21,0.4
Non-EU exports,Fuels,Feb-21,0.8
Non-EU exports,Chemicals,Feb-21,2.1
Non-EU exports,Material manufactures,Feb-21,1.6
Non-EU exports,Machinery and transport equipment,Feb-21,5.4
Non-EU exports,Food and live animals,Mar-21,0.4
Non-EU exports,Fuels,Mar-21,1.1
Non-EU exports,Chemicals,Mar-21,2.3
Non-EU exports,Material manufactures,Mar-21,1.7
Non-EU exports,Machinery and transport equipment,Mar-21,5.8
Non-EU exports,Food and live animals,Apr-21,0.4
Non-EU exports,Fuels,Apr-21,1.2
Non-EU exports,Chemicals,Apr-21,2.2
Non-EU exports,Material manufactures,Apr-21,1.8
Non-EU exports,Machinery and transport equipment,Apr-21,6
Non-EU exports,Food and live animals,May-21,0.5
Non-EU exports,Fuels,May-21,1
Non-EU exports,Chemicals,May-21,2.3
Non-EU exports,Material manufactures,May-21,1.7
Non-EU exports,Machinery and transport equipment,May-21,6
Non-EU exports,Food and live animals,Jun-21,0.5
Non-EU exports,Fuels,Jun-21,0.9
Non-EU exports,Chemicals,Jun-21,1.9
Non-EU exports,Material manufactures,Jun-21,1.8
Non-EU exports,Machinery and transport equipment,Jun-21,5.5
Non-EU exports,Food and live animals,Jul-21,0.4
Non-EU exports,Fuels,Jul-21,0.9
Non-EU exports,Chemicals,Jul-21,2.1
Non-EU exports,Material manufactures,Jul-21,1.5
Non-EU exports,Machinery and transport equipment,Jul-21,5.5
Non-EU exports,Food and live animals,Aug-21,0.4
Non-EU exports,Fuels,Aug-21,0.8
Non-EU exports,Chemicals,Aug-21,2.1
Non-EU exports,Material manufactures,Aug-21,1.7
Non-EU exports,Machinery and transport equipment,Aug-21,4.9
Non-EU exports,Food and live animals,Sep-21,0.4
Non-EU exports,Fuels,Sep-21,0.7
Non-EU exports,Chemicals,Sep-21,2.1
Non-EU exports,Material manufactures,Sep-21,1.3
Non-EU exports,Machinery and transport equipment,Sep-21,5.2
Non-EU exports,Food and live animals,Oct-21,0.4
Non-EU exports,Fuels,Oct-21,0.9
Non-EU exports,Chemicals,Oct-21,2.5
Non-EU exports,Material manufactures,Oct-21,1.4
Non-EU exports,Machinery and transport equipment,Oct-21,5.6
Non-EU exports,Food and live animals,Nov-21,0.4
Non-EU exports,Fuels,Nov-21,0.9
Non-EU exports,Chemicals,Nov-21,2.1
Non-EU exports,Material manufactures,Nov-21,1.6
Non-EU exports,Machinery and transport equipment,Nov-21,5.7
