series,date,chiffre,lower,upper,category
Age-adjusted,Bangladeshi,4.42925177,3.544813416,5.53435934,Males
Age-adjusted,Black African,1.613325228,1.236104717,2.105661644,Males
Age-adjusted,Black Caribbean,2.335826071,1.9740461,2.763908823,Males
Age-adjusted,Chinese,0.854169815,0.537736609,1.356809378,Males
Age-adjusted,Indian,1.399587085,1.199792671,1.632652088,Males
Age-adjusted,Mixed,1.20523287,0.875709004,1.658754524,Males
Age-adjusted,Other,1.522260934,1.274561582,1.818098384,Males
Age-adjusted,Pakistani,3.534748595,3.073352198,4.065413537,Males
Age-adjusted,White other,1.232137431,1.08767732,1.395784044,Males
Age-adjusted,Bangladeshi,5.23152939,4.024376103,6.800780807,Females
Age-adjusted,Black African,2.449613862,1.903406119,3.152563195,Females
Age-adjusted,Black Caribbean,2.996114782,2.530064212,3.548014214,Females
Age-adjusted,Chinese,1.068062203,0.653571609,1.745419866,Females
Age-adjusted,Indian,1.359595684,1.117781216,1.653722927,Females
Age-adjusted,Mixed,1.5072516,1.079930601,2.103660536,Females
Age-adjusted,Other,1.668373044,1.352895523,2.057415793,Females
Age-adjusted,Pakistani,4.34178749,3.672611728,5.132891797,Females
Age-adjusted,White other,1.018812826,0.878792273,1.181143265,Females
"Adjusted for age, location, living arrangements, socio-economics and certain pre-existing conditions",Bangladeshi,2.492882956,1.957904965,3.174038343,Males
"Adjusted for age, location, living arrangements, socio-economics and certain pre-existing conditions",Black African,1.40104943,1.062647937,1.847215279,Males
"Adjusted for age, location, living arrangements, socio-economics and certain pre-existing conditions",Black Caribbean,1.704414825,1.427092837,2.03562783,Males
"Adjusted for age, location, living arrangements, socio-economics and certain pre-existing conditions",Chinese,0.954031541,0.598525027,1.520698618,Males
"Adjusted for age, location, living arrangements, socio-economics and certain pre-existing conditions",Indian,1.16872508,0.991934263,1.377025035,Males
"Adjusted for age, location, living arrangements, socio-economics and certain pre-existing conditions",Mixed,1.038423675,0.753230345,1.431598894,Males
"Adjusted for age, location, living arrangements, socio-economics and certain pre-existing conditions",Other,1.332017026,1.105083717,1.605551988,Males
"Adjusted for age, location, living arrangements, socio-economics and certain pre-existing conditions",Pakistani,1.711275711,1.459164392,2.006946287,Males
"Adjusted for age, location, living arrangements, socio-economics and certain pre-existing conditions",White other,1.14839801,1.010017671,1.305737541,Males
"Adjusted for age, location, living arrangements, socio-economics and certain pre-existing conditions",Bangladeshi,2.172793041,1.610322263,2.931729696,Females
"Adjusted for age, location, living arrangements, socio-economics and certain pre-existing conditions",Black African,1.798378771,1.375860584,2.350649652,Females
"Adjusted for age, location, living arrangements, socio-economics and certain pre-existing conditions",Black Caribbean,2.117699004,1.761617487,2.545756444,Females
"Adjusted for age, location, living arrangements, socio-economics and certain pre-existing conditions",Chinese,1.322324876,0.805847509,2.169818803,Females
"Adjusted for age, location, living arrangements, socio-economics and certain pre-existing conditions",Indian,1.107699607,0.898476484,1.365643331,Females
"Adjusted for age, location, living arrangements, socio-economics and certain pre-existing conditions",Mixed,1.196979218,0.855659984,1.674449285,Females
"Adjusted for age, location, living arrangements, socio-economics and certain pre-existing conditions",Other,1.463758757,1.171472497,1.828971406,Females
"Adjusted for age, location, living arrangements, socio-economics and certain pre-existing conditions",Pakistani,1.621062377,1.31943735,1.991639261,Females
"Adjusted for age, location, living arrangements, socio-economics and certain pre-existing conditions",White other,1.064378642,0.914091571,1.23937462,Females
"Fully-adjusted, including for vaccination status",Bangladeshi,2.189862621,1.722338333,2.784295169,Males
"Fully-adjusted, including for vaccination status",Black African,0.973591504,0.738453317,1.283602354,Males
"Fully-adjusted, including for vaccination status",Black Caribbean,1.049629292,0.877113799,1.256076066,Males
"Fully-adjusted, including for vaccination status",Chinese,0.646360514,0.40526026,1.030897809,Males
"Fully-adjusted, including for vaccination status",Indian,1.125277419,0.95504149,1.325857863,Males
"Fully-adjusted, including for vaccination status",Mixed,0.839053943,0.607555463,1.158760907,Males
"Fully-adjusted, including for vaccination status",Other,1.054597756,0.874352033,1.272000734,Males
"Fully-adjusted, including for vaccination status",Pakistani,1.24014944,1.056659535,1.455502536,Males
"Fully-adjusted, including for vaccination status",White other,0.904989708,0.794750911,1.030519576,Males
"Fully-adjusted, including for vaccination status",Bangladeshi,2.123990958,1.577258472,2.860239885,Females
"Fully-adjusted, including for vaccination status",Black African,1.082588341,0.827137408,1.416932065,Females
"Fully-adjusted, including for vaccination status",Black Caribbean,1.054804148,0.874282527,1.272599824,Females
"Fully-adjusted, including for vaccination status",Chinese,1.084226873,0.660830657,1.778894333,Females
"Fully-adjusted, including for vaccination status",Indian,1.101544073,0.892833716,1.359042925,Females
"Fully-adjusted, including for vaccination status",Mixed,0.913966112,0.652883669,1.279453132,Females
"Fully-adjusted, including for vaccination status",Other,1.106427008,0.88540596,1.382620829,Females
"Fully-adjusted, including for vaccination status",Pakistani,1.171577461,0.954716949,1.437697055,Females
"Fully-adjusted, including for vaccination status",White other,0.836911837,0.717326748,0.976432881,Females
