AREACD,AREANM,house,salary,publicsector,degree,min,max,health
J06000101,Northumberland,999999,999999,999999,999999,3.42,7.49,5.14
J06000102,North Tyneside,999999,999999,999999,999999,3.48,7.85,5.21
J06000103,Newcastle upon Tyne,999999,999999,999999,999999,5.55,11.48,8.06
J06000104,South Tyneside; Sunderland; Gateshead,999999,999999,999999,999999,3.58,6.84,4.96
J06000105,Darlington; County Durham,999999,999999,999999,999999,3.1,6.09,4.36
J06000106,Hartlepool; Middlesbrough; Redcar and Cleveland; Stockton-on-Tees,999999,999999,999999,999999,4.26,8.52,6.07
J06000107,Allerdale; Barrow-in-Furness; Carlisle; Copeland; Eden; South Lakeland,999999,999999,999999,999999,2.72,5.59,3.93
J06000108,Blackpool; Fylde; Lancaster; Preston; Ribble Valley; South Ribble; Wyre,999999,999999,999999,999999,5.04,8.43,6.49
J06000109,Burnley; Hyndburn; Pendle; Rossendale; Bury,999999,999999,999999,999999,6.98,12.07,9.19
J06000110,Blackburn with Darwen; Chorley; Bolton,999999,999999,999999,999999,4.9,9.46,6.82
J06000111,Rochdale,999999,999999,999999,999999,6.29,13.54,9.24
J06000112,Oldham,999999,999999,999999,999999,5.65,12.15,8.4
J06000113,West Lancashire; Knowsley; Liverpool; Sefton,999999,999999,999999,999999,5.94,9.44,7.49
J06000114,Wigan; St. Helens,999999,999999,999999,999999,7.73,13.46,10.29
J06000115,Salford,999999,999999,999999,999999,4.62,10.53,7.03
J06000116,Tameside,999999,999999,999999,999999,4.17,9.63,6.4
J06000117,Manchester,999999,999999,999999,999999,7.22,13.2,9.83
J06000118,Halton; Warrington; Trafford,999999,999999,999999,999999,5.6,10.04,7.51
J06000119,Stockport,999999,999999,999999,999999,5.59,10.47,7.7
J06000120,Wirral,999999,999999,999999,999999,3.72,7.83,5.42
J06000121,Cheshire East,999999,999999,999999,999999,3.82,7.93,5.52
J06000122,Cheshire West and Chester,999999,999999,999999,999999,5.62,10.28,7.59
J06000123,Craven; Hambleton; Harrogate; Richmondshire; Ryedale; Scarborough; Selby,999999,999999,999999,999999,3.41,6.26,4.65
J06000124,York,999999,999999,999999,999999,4.39,9.34,6.53
J06000125,East Riding of Yorkshire,999999,999999,999999,999999,2.94,6.73,4.46
J06000126,Bradford,999999,999999,999999,999999,5.13,9.13,6.87
J06000127,Leeds,999999,999999,999999,999999,3.15,5.81,4.3
J06000128,"Kingston upon Hull, City of",999999,999999,999999,999999,4.37,9.9,6.59
J06000129,Calderdale,999999,999999,999999,999999,3.54,7.84,5.31
J06000130,Wakefield,999999,999999,999999,999999,3.92,8.55,5.77
J06000131,Kirklees,999999,999999,999999,999999,5.6,9.5,7.34
J06000132,Barnsley,999999,999999,999999,999999,3.54,7.84,5.29
J06000133,North East Lincolnshire; North Lincolnshire; Doncaster; Rotherham,999999,999999,999999,999999,6.05,9.78,7.72
J06000134,Sheffield,999999,999999,999999,999999,4.83,9.03,6.62
J06000135,Ashfield; Bassetlaw; Broxtowe; Gedling; Mansfield; Newark and Sherwood; Rushcliffe,999999,999999,999999,999999,3.14,6.11,4.41
J06000136,Boston; East Lindsey; Lincoln; North Kesteven; South Holland; South Kesteven; West Lindsey,999999,999999,999999,999999,3.28,6.16,4.46
J06000137,Amber Valley; Bolsover; Chesterfield; Derbyshire Dales; Erewash; High Peak; North East Derbyshire; South Derbyshire,999999,999999,999999,999999,4.21,8,5.86
J06000138,Nottingham,999999,999999,999999,999999,7.32,13.82,10.13
J06000139,Derby,999999,999999,999999,999999,4.28,8.9,6.24
J06000140,Blaby; Charnwood; Harborough; Hinckley and Bosworth; Melton; North West Leicestershire; Oadby and Wigston,999999,999999,999999,999999,5.54,10.12,7.57
J06000141,Leicester,999999,999999,999999,999999,3.7,8.34,5.59
J06000142,Rutland; Corby; Daventry; East Northamptonshire; Kettering; Northampton; South Northamptonshire; Wellingborough,999999,999999,999999,999999,2.59,5.21,3.68
J06000143,Telford and Wrekin; Stoke-on-Trent; Stafford,999999,999999,999999,999999,3.12,6.76,4.69
J06000144,Cannock Chase; East Staffordshire; Lichfield; Newcastle-under-Lyme; South Staffordshire; Staffordshire Moorlands; Tamworth,999999,999999,999999,999999,4.95,9.11,6.69
J06000145,Shropshire,999999,999999,999999,999999,3.26,7.38,4.9
J06000146,Walsall,999999,999999,999999,999999,4.03,9.11,6.08
J06000147,Wolverhampton,999999,999999,999999,999999,3.45,7.9,5.25
J06000148,Sandwell,999999,999999,999999,999999,4.06,9.02,6.09
J06000149,Birmingham,999999,999999,999999,999999,4.34,7.91,5.93
J06000150,Solihull,999999,999999,999999,999999,3.78,8.55,5.75
J06000151,Coventry,999999,999999,999999,999999,6.67,13.04,9.42
J06000152,Bromsgrove; Redditch; Dudley,999999,999999,999999,999999,4.18,8.17,5.85
J06000153,North Warwickshire; Nuneaton and Bedworth; Rugby; Stratford-on-Avon; Warwick,999999,999999,999999,999999,2.51,5.17,3.63
J06000154,"Herefordshire, County of; Malvern Hills; Worcester; Wychavon; Wyre Forest",999999,999999,999999,999999,3.94,7.67,5.51
J06000155,Breckland; Broadland; Great Yarmouth; King's Lynn and West Norfolk; North Norfolk; Norwich; South Norfolk,999999,999999,999999,999999,2.66,4.92,3.64
J06000156,Peterborough,999999,999999,999999,999999,3.14,7.8,5.03
J06000157,Cambridge; East Cambridgeshire; Fenland; Huntingdonshire; South Cambridgeshire,999999,999999,999999,999999,3.35,6.22,4.61
J06000158,Suffolk Coastal; Waveney,999999,999999,999999,999999,2.78,6.51,4.29
J06000159,Tendring; Babergh; Forest Heath; Ipswich; Mid Suffolk; St Edmundsbury,999999,999999,999999,999999,2.43,4.77,3.45
J06000160,Luton; Bedford; Central Bedfordshire,999999,999999,999999,999999,2.94,6.02,4.23
J06000161,Broxbourne; Dacorum; Hertsmere; North Hertfordshire; Three Rivers; Watford; St Albans; Welwyn Hatfield; East Hertfordshire; Stevenage,999999,999999,999999,999999,5.99,9.04,7.35
J06000162,Southend-on-Sea; Braintree; Chelmsford; Colchester; Maldon; Rochford; Uttlesford,999999,999999,999999,999999,4.99,8.14,6.42
J06000163,Thurrock; Basildon; Brentwood; Castle Point; Epping Forest; Harlow,999999,999999,999999,999999,3.64,6.9,5.02
J06000164,Enfield,999999,999999,999999,999999,5.29,10.27,7.37
J06000165,Barnet,999999,999999,999999,999999,4.47,8.14,6.06
J06000166,Waltham Forest,999999,999999,999999,999999,6.77,13.06,9.44
J06000167,Harrow,999999,999999,999999,999999,3.52,7.33,5.11
J06000168,Redbridge,999999,999999,999999,999999,5.34,9.92,7.29
J06000169,Haringey,999999,999999,999999,999999,5.31,10.43,7.48
J06000170,Havering,999999,999999,999999,999999,6,10.99,8.12
J06000171,Brent,999999,999999,999999,999999,6.26,11.79,8.68
J06000172,Barking and Dagenham,999999,999999,999999,999999,5.33,11.61,8
J06000173,City of London; Hackney; Islington,999999,999999,999999,999999,9.96,16.43,12.89
J06000174,Camden,999999,999999,999999,999999,3.95,9.1,5.97
J06000175,Hillingdon,999999,999999,999999,999999,5.63,10.47,7.73
J06000176,Newham,999999,999999,999999,999999,5.76,11.61,8.24
J06000177,Ealing,999999,999999,999999,999999,5.74,11.1,8
J06000178,Tower Hamlets,999999,999999,999999,999999,9.82,18.24,13.54
J06000179,Hammersmith and Fulham; Kensington and Chelsea; Westminster,999999,999999,999999,999999,8.33,13.53,10.63
J06000180,Greenwich,999999,999999,999999,999999,7.63,13.28,10.2
J06000181,Bexley,999999,999999,999999,999999,2.94,6.37,4.37
J06000182,Southwark,999999,999999,999999,999999,7.35,13.74,10.08
J06000183,Lambeth,999999,999999,999999,999999,7.33,13.53,10.03
J06000184,Hounslow,999999,999999,999999,999999,3.35,7.71,5.12
J06000185,Lewisham,999999,999999,999999,999999,5.89,10.87,8.08
J06000186,Wandsworth,999999,999999,999999,999999,7.86,13.21,10.26
J06000187,Kingston upon Thames; Merton; Richmond upon Thames,999999,999999,999999,999999,4.86,7.68,6.12
J06000188,Bromley,999999,999999,999999,999999,6.22,10.42,8.11
J06000189,Sutton,999999,999999,999999,999999,4.35,8.45,6.08
J06000190,Croydon,999999,999999,999999,999999,5.26,9.82,7.22
J06000191,Milton Keynes,999999,999999,999999,999999,3.19,6.56,4.57
J06000192,Aylesbury Vale; Chiltern; South Bucks; Wycombe,999999,999999,999999,999999,4.13,8.21,5.81
J06000193,West Berkshire; Cherwell; Oxford; South Oxfordshire; Vale of White Horse; West Oxfordshire,999999,999999,999999,999999,2.5,5.09,3.59
J06000194,Medway,999999,999999,999999,999999,4.53,9.79,6.62
J06000195,Bracknell Forest; Slough; Windsor and Maidenhead; Runnymede; Spelthorne; Surrey Heath,999999,999999,999999,999999,4.48,8.1,6.04
J06000196,Reading; Wokingham; Hart; Rushmoor,999999,999999,999999,999999,2.18,4.83,3.27
J06000197,Canterbury; Dover; Swale; Thanet,999999,999999,999999,999999,3.37,6.47,4.71
J06000198,Elmbridge; Epsom and Ewell; Guildford; Mole Valley; Reigate and Banstead; Tandridge; Waverley; Woking,999999,999999,999999,999999,3.13,5.51,4.18
J06000199,Ashford; Dartford; Gravesham; Maidstone; Sevenoaks; Folkestone and Hythe; Tonbridge and Malling; Tunbridge Wells,999999,999999,999999,999999,4.02,6.76,5.22
J06000200,Isle of Wight; Basingstoke and Deane; East Hampshire; Eastleigh; Fareham; Gosport; Havant; New Forest; Test Valley; Winchester,999999,999999,999999,999999,3.73,6.01,4.73
J06000201,Eastbourne; Hastings; Lewes; Rother; Wealden,999999,999999,999999,999999,3.39,6.51,4.69
J06000202,Adur; Arun; Chichester; Crawley; Horsham; Mid Sussex; Worthing,999999,999999,999999,999999,3.42,6.04,4.56
J06000203,Southampton,999999,999999,999999,999999,3.19,7.74,5.01
J06000204,Brighton and Hove,999999,999999,999999,999999,4.06,8.84,6.05
J06000205,Portsmouth,999999,999999,999999,999999,4.43,10.28,6.79
J06000206,Cheltenham; Cotswold; Forest of Dean; Gloucester; Stroud; Tewkesbury,999999,999999,999999,999999,2.83,5.73,4.03
J06000207,Swindon,999999,999999,999999,999999,2.65,6.97,4.35
J06000208,South Gloucestershire,999999,999999,999999,999999,3.02,6.9,4.6
J06000209,"Bath and North East Somerset; Bristol, City of; North Somerset",999999,999999,999999,999999,4.03,6.98,5.32
J06000210,Wiltshire,999999,999999,999999,999999,2.75,5.72,3.95
J06000211,Mendip; Sedgemoor; South Somerset; Taunton Deane; West Somerset,999999,999999,999999,999999,2.23,4.85,3.3
J06000212,East Devon; Exeter; Mid Devon; North Devon; Teignbridge; Torridge; West Devon,999999,999999,999999,999999,2.06,4.2,2.97
J06000213,East Dorset; North Dorset; Purbeck; West Dorset; Weymouth and Portland,999999,999999,999999,999999,2.02,4.52,3.03
J06000214,Bournemouth; Poole; Christchurch,999999,999999,999999,999999,3.44,7.15,4.97
J06000215,Cornwall; Isles of Scilly,999999,999999,999999,999999,1.96,4.39,2.96
J06000216,Plymouth; Torbay; South Hams,999999,999999,999999,999999,2.31,5.23,3.52
J06000217,Isle of Anglesey; Gwynedd; Conwy; Denbighshire; Flintshire; Wrexham,999999,999999,999999,999999,3.8,5.58,4.63
J06000218,Ceredigion; Pembrokeshire; Carmarthenshire; Powys,999999,999999,999999,999999,3.51,5.4,4.36
J06000219,Caerphilly; Blaenau Gwent; Torfaen; Monmouthshire; Newport,999999,999999,999999,999999,4.4,6.32,5.28
J06000220,Swansea; Neath Port Talbot,999999,999999,999999,999999,4.64,6.8,5.63
J06000221,Bridgend; Rhondda Cynon Taf; Merthyr Tydfil,999999,999999,999999,999999,4.63,6.92,5.65
J06000222,Vale of Glamorgan; Cardiff,999999,999999,999999,999999,4.59,6.58,5.5
J06000223,Na h-Eileanan Siar; Highland; Moray; Orkney Islands; Shetland Islands; Aberdeen City; Aberdeenshire; Argyll and Bute,999999,999999,999999,999999,2.42,3.74,3.01
J06000224,Clackmannanshire; Falkirk; Stirling; Angus; Dundee City; Fife; Perth and Kinross,999999,999999,999999,999999,3.44,5.12,4.22
J06000225,East Renfrewshire; Inverclyde; Renfrewshire; West Dunbartonshire; East Dunbartonshire; Glasgow City,999999,999999,999999,999999,3.89,5.82,4.73
J06000226,East Lothian; Midlothian; City of Edinburgh; West Lothian,999999,999999,999999,999999,3.53,5.19,4.28
J06000227,South Lanarkshire; North Lanarkshire,999999,999999,999999,999999,4.32,6.47,5.28
J06000228,Dumfries and Galloway; East Ayrshire; North Ayrshire; Scottish Borders; South Ayrshire,999999,999999,999999,999999,2.85,4.42,3.56
J06000229,Northern Health and Social Care Trust ,999999,999999,999999,999999,3.01,5.27,3.97
J06000230,Western Health and Social Care Trust ,999999,999999,999999,999999,2.33,4.53,3.3
J06000231,Belfast Health and Social Care Trust,999999,999999,999999,999999,2.47,4.59,3.41
J06000232,South Eastern Health and Social Care Trust,999999,999999,999999,999999,2.56,4.54,3.43
J06000233,Southern Health and Social Care Trust,999999,999999,999999,999999,3,5.39,4
