category,series,date,chiffre
EU imports,Food and live animals,Nov-19,2.2
EU imports,Fuels,Nov-19,0.7
EU imports,Chemicals,Nov-19,3.2
EU imports,Material manufactures,Nov-19,2.4
EU imports,Machinery and transport equipment,Nov-19,8.2
EU imports,Food and live animals,Dec-19,2.3
EU imports,Fuels,Dec-19,0.7
EU imports,Chemicals,Dec-19,3.2
EU imports,Material manufactures,Dec-19,2.4
EU imports,Machinery and transport equipment,Dec-19,8.4
EU imports,Food and live animals,Jan-20,2.4
EU imports,Fuels,Jan-20,0.6
EU imports,Chemicals,Jan-20,3.3
EU imports,Material manufactures,Jan-20,2.3
EU imports,Machinery and transport equipment,Jan-20,7.7
EU imports,Food and live animals,Feb-20,2.3
EU imports,Fuels,Feb-20,0.5
EU imports,Chemicals,Feb-20,3
EU imports,Material manufactures,Feb-20,2.3
EU imports,Machinery and transport equipment,Feb-20,8.1
EU imports,Food and live animals,Mar-20,2.5
EU imports,Fuels,Mar-20,0.6
EU imports,Chemicals,Mar-20,3.5
EU imports,Material manufactures,Mar-20,2.4
EU imports,Machinery and transport equipment,Mar-20,7.4
EU imports,Food and live animals,Apr-20,2.4
EU imports,Fuels,Apr-20,0.3
EU imports,Chemicals,Apr-20,3.2
EU imports,Material manufactures,Apr-20,1.6
EU imports,Machinery and transport equipment,Apr-20,4
EU imports,Food and live animals,May-20,2.4
EU imports,Fuels,May-20,0.3
EU imports,Chemicals,May-20,3.2
EU imports,Material manufactures,May-20,1.6
EU imports,Machinery and transport equipment,May-20,4.5
EU imports,Food and live animals,Jun-20,2.4
EU imports,Fuels,Jun-20,0.4
EU imports,Chemicals,Jun-20,3.1
EU imports,Material manufactures,Jun-20,2.2
EU imports,Machinery and transport equipment,Jun-20,6.3
EU imports,Food and live animals,Jul-20,2.3
EU imports,Fuels,Jul-20,0.4
EU imports,Chemicals,Jul-20,3.1
EU imports,Material manufactures,Jul-20,2.2
EU imports,Machinery and transport equipment,Jul-20,7.2
EU imports,Food and live animals,Aug-20,2.3
EU imports,Fuels,Aug-20,0.5
EU imports,Chemicals,Aug-20,3.1
EU imports,Material manufactures,Aug-20,2
EU imports,Machinery and transport equipment,Aug-20,7.3
EU imports,Food and live animals,Sep-20,2.4
EU imports,Fuels,Sep-20,0.5
EU imports,Chemicals,Sep-20,3
EU imports,Material manufactures,Sep-20,2.3
EU imports,Machinery and transport equipment,Sep-20,8
EU imports,Food and live animals,Oct-20,2.4
EU imports,Fuels,Oct-20,0.5
EU imports,Chemicals,Oct-20,3.4
EU imports,Material manufactures,Oct-20,2.4
EU imports,Machinery and transport equipment,Oct-20,8.7
EU imports,Food and live animals,Nov-20,2.5
EU imports,Fuels,Nov-20,0.4
EU imports,Chemicals,Nov-20,4.2
EU imports,Material manufactures,Nov-20,2.4
EU imports,Machinery and transport equipment,Nov-20,8.5
EU imports,Food and live animals,Dec-20,2.6
EU imports,Fuels,Dec-20,0.5
EU imports,Chemicals,Dec-20,4.2
EU imports,Material manufactures,Dec-20,2.7
EU imports,Machinery and transport equipment,Dec-20,9.7
EU imports,Food and live animals,Jan-21,2
EU imports,Fuels,Jan-21,0.5
EU imports,Chemicals,Jan-21,2.8
EU imports,Material manufactures,Jan-21,1.9
EU imports,Machinery and transport equipment,Jan-21,6.1
EU imports,Food and live animals,Feb-21,2.1
EU imports,Fuels,Feb-21,0.6
EU imports,Chemicals,Feb-21,2.7
EU imports,Material manufactures,Feb-21,2.1
EU imports,Machinery and transport equipment,Feb-21,6.2
EU imports,Food and live animals,Mar-21,2.1
EU imports,Fuels,Mar-21,0.6
EU imports,Chemicals,Mar-21,2.9
EU imports,Material manufactures,Mar-21,2.3
EU imports,Machinery and transport equipment,Mar-21,6.9
EU imports,Food and live animals,Apr-21,2.1
EU imports,Fuels,Apr-21,0.5
EU imports,Chemicals,Apr-21,3
EU imports,Material manufactures,Apr-21,2.3
EU imports,Machinery and transport equipment,Apr-21,7.1
EU imports,Food and live animals,May-21,2.1
EU imports,Fuels,May-21,0.6
EU imports,Chemicals,May-21,3.2
EU imports,Material manufactures,May-21,2.4
EU imports,Machinery and transport equipment,May-21,7
EU imports,Food and live animals,Jun-21,2.2
EU imports,Fuels,Jun-21,0.7
EU imports,Chemicals,Jun-21,3.3
EU imports,Material manufactures,Jun-21,2.5
EU imports,Machinery and transport equipment,Jun-21,7.3
EU imports,Food and live animals,Jul-21,2.2
EU imports,Fuels,Jul-21,0.8
EU imports,Chemicals,Jul-21,3.6
EU imports,Material manufactures,Jul-21,2.4
EU imports,Machinery and transport equipment,Jul-21,6.8
EU imports,Food and live animals,Aug-21,2.1
EU imports,Fuels,Aug-21,0.8
EU imports,Chemicals,Aug-21,3.3
EU imports,Material manufactures,Aug-21,2.3
EU imports,Machinery and transport equipment,Aug-21,7
EU imports,Food and live animals,Sep-21,2.1
EU imports,Fuels,Sep-21,1
EU imports,Chemicals,Sep-21,3.4
EU imports,Material manufactures,Sep-21,2.5
EU imports,Machinery and transport equipment,Sep-21,6.6
EU imports,Food and live animals,Oct-21,2.1
EU imports,Fuels,Oct-21,1.1
EU imports,Chemicals,Oct-21,3.4
EU imports,Material manufactures,Oct-21,2.3
EU imports,Machinery and transport equipment,Oct-21,6.3
EU imports,Food and live animals,Nov-21,2.2
EU imports,Fuels,Nov-21,0.9
EU imports,Chemicals,Nov-21,3.8
EU imports,Material manufactures,Nov-21,2.4
EU imports,Machinery and transport equipment,Nov-21,6.6
Non-EU imports,Food and live animals,Nov-19,1
Non-EU imports,Fuels,Nov-19,3.2
Non-EU imports,Chemicals,Nov-19,1
Non-EU imports,Material manufactures,Nov-19,2
Non-EU imports,Machinery and transport equipment,Nov-19,6.4
Non-EU imports,Food and live animals,Dec-19,0.9
Non-EU imports,Fuels,Dec-19,3.2
Non-EU imports,Chemicals,Dec-19,1.1
Non-EU imports,Material manufactures,Dec-19,2
Non-EU imports,Machinery and transport equipment,Dec-19,5.8
Non-EU imports,Food and live animals,Jan-20,1
Non-EU imports,Fuels,Jan-20,3.1
Non-EU imports,Chemicals,Jan-20,1.3
Non-EU imports,Material manufactures,Jan-20,2.1
Non-EU imports,Machinery and transport equipment,Jan-20,6.3
Non-EU imports,Food and live animals,Feb-20,1
Non-EU imports,Fuels,Feb-20,3.1
Non-EU imports,Chemicals,Feb-20,1.1
Non-EU imports,Material manufactures,Feb-20,2.1
Non-EU imports,Machinery and transport equipment,Feb-20,6.2
Non-EU imports,Food and live animals,Mar-20,1
Non-EU imports,Fuels,Mar-20,2.7
Non-EU imports,Chemicals,Mar-20,1
Non-EU imports,Material manufactures,Mar-20,1.9
Non-EU imports,Machinery and transport equipment,Mar-20,6
Non-EU imports,Food and live animals,Apr-20,1
Non-EU imports,Fuels,Apr-20,1.5
Non-EU imports,Chemicals,Apr-20,1.3
Non-EU imports,Material manufactures,Apr-20,1.8
Non-EU imports,Machinery and transport equipment,Apr-20,4.8
Non-EU imports,Food and live animals,May-20,1
Non-EU imports,Fuels,May-20,1.1
Non-EU imports,Chemicals,May-20,1.2
Non-EU imports,Material manufactures,May-20,2.1
Non-EU imports,Machinery and transport equipment,May-20,4.4
Non-EU imports,Food and live animals,Jun-20,1
Non-EU imports,Fuels,Jun-20,1.4
Non-EU imports,Chemicals,Jun-20,1.2
Non-EU imports,Material manufactures,Jun-20,2.2
Non-EU imports,Machinery and transport equipment,Jun-20,5.5
Non-EU imports,Food and live animals,Jul-20,1
Non-EU imports,Fuels,Jul-20,1.4
Non-EU imports,Chemicals,Jul-20,1.3
Non-EU imports,Material manufactures,Jul-20,2.3
Non-EU imports,Machinery and transport equipment,Jul-20,5.5
Non-EU imports,Food and live animals,Aug-20,1
Non-EU imports,Fuels,Aug-20,1.6
Non-EU imports,Chemicals,Aug-20,1.2
Non-EU imports,Material manufactures,Aug-20,2.5
Non-EU imports,Machinery and transport equipment,Aug-20,5
Non-EU imports,Food and live animals,Sep-20,0.9
Non-EU imports,Fuels,Sep-20,1.8
Non-EU imports,Chemicals,Sep-20,1.2
Non-EU imports,Material manufactures,Sep-20,2.9
Non-EU imports,Machinery and transport equipment,Sep-20,5.4
Non-EU imports,Food and live animals,Oct-20,1
Non-EU imports,Fuels,Oct-20,1.8
Non-EU imports,Chemicals,Oct-20,1.3
Non-EU imports,Material manufactures,Oct-20,2.9
Non-EU imports,Machinery and transport equipment,Oct-20,5.5
Non-EU imports,Food and live animals,Nov-20,1
Non-EU imports,Fuels,Nov-20,1.8
Non-EU imports,Chemicals,Nov-20,1.3
Non-EU imports,Material manufactures,Nov-20,2.6
Non-EU imports,Machinery and transport equipment,Nov-20,6.7
Non-EU imports,Food and live animals,Dec-20,1
Non-EU imports,Fuels,Dec-20,2.1
Non-EU imports,Chemicals,Dec-20,1.6
Non-EU imports,Material manufactures,Dec-20,2.3
Non-EU imports,Machinery and transport equipment,Dec-20,6.3
Non-EU imports,Food and live animals,Jan-21,0.9
Non-EU imports,Fuels,Jan-21,2.1
Non-EU imports,Chemicals,Jan-21,1.5
Non-EU imports,Material manufactures,Jan-21,2.4
Non-EU imports,Machinery and transport equipment,Jan-21,5.8
Non-EU imports,Food and live animals,Feb-21,1
Non-EU imports,Fuels,Feb-21,1.9
Non-EU imports,Chemicals,Feb-21,2.1
Non-EU imports,Material manufactures,Feb-21,2.6
Non-EU imports,Machinery and transport equipment,Feb-21,6.2
Non-EU imports,Food and live animals,Mar-21,1.1
Non-EU imports,Fuels,Mar-21,2.2
Non-EU imports,Chemicals,Mar-21,1.8
Non-EU imports,Material manufactures,Mar-21,2.9
Non-EU imports,Machinery and transport equipment,Mar-21,6.3
Non-EU imports,Food and live animals,Apr-21,1.1
Non-EU imports,Fuels,Apr-21,2.9
Non-EU imports,Chemicals,Apr-21,1.7
Non-EU imports,Material manufactures,Apr-21,3.3
Non-EU imports,Machinery and transport equipment,Apr-21,6.5
Non-EU imports,Food and live animals,May-21,1
Non-EU imports,Fuels,May-21,2.8
Non-EU imports,Chemicals,May-21,2.1
Non-EU imports,Material manufactures,May-21,2.9
Non-EU imports,Machinery and transport equipment,May-21,6.4
Non-EU imports,Food and live animals,Jun-21,1
Non-EU imports,Fuels,Jun-21,3.3
Non-EU imports,Chemicals,Jun-21,1.7
Non-EU imports,Material manufactures,Jun-21,2.9
Non-EU imports,Machinery and transport equipment,Jun-21,6.7
Non-EU imports,Food and live animals,Jul-21,1.1
Non-EU imports,Fuels,Jul-21,3.8
Non-EU imports,Chemicals,Jul-21,1.9
Non-EU imports,Material manufactures,Jul-21,2.9
Non-EU imports,Machinery and transport equipment,Jul-21,6.2
Non-EU imports,Food and live animals,Aug-21,1
Non-EU imports,Fuels,Aug-21,3.6
Non-EU imports,Chemicals,Aug-21,1.7
Non-EU imports,Material manufactures,Aug-21,2.6
Non-EU imports,Machinery and transport equipment,Aug-21,6.1
Non-EU imports,Food and live animals,Sep-21,1.1
Non-EU imports,Fuels,Sep-21,4.6
Non-EU imports,Chemicals,Sep-21,1.8
Non-EU imports,Material manufactures,Sep-21,2.9
Non-EU imports,Machinery and transport equipment,Sep-21,6.9
Non-EU imports,Food and live animals,Oct-21,1
Non-EU imports,Fuels,Oct-21,5.6
Non-EU imports,Chemicals,Oct-21,1.8
Non-EU imports,Material manufactures,Oct-21,2.8
Non-EU imports,Machinery and transport equipment,Oct-21,6.3
Non-EU imports,Food and live animals,Nov-21,1
Non-EU imports,Fuels,Nov-21,5.3
Non-EU imports,Chemicals,Nov-21,1.9
Non-EU imports,Material manufactures,Nov-21,3
Non-EU imports,Machinery and transport equipment,Nov-21,6.7
