series,date,chiffre,lower,upper,category
Age-adjusted,Bangladeshi,5.025753639,4.512414456,5.597491074,Males
Age-adjusted,Black African,2.42313472,2.154284443,2.725536959,Males
Age-adjusted,Black Caribbean,1.95753548,1.790680487,2.139937964,Males
Age-adjusted,Chinese,1.068120077,0.865337909,1.318421956,Males
Age-adjusted,Indian,2.053381127,1.92472917,2.190632385,Males
Age-adjusted,Mixed,1.548659244,1.337239664,1.793504575,Males
Age-adjusted,Other,1.863686566,1.714742581,2.025567952,Males
Age-adjusted,Pakistani,3.069291508,2.843615727,3.312877429,Males
Age-adjusted,White other,1.141255244,1.070080156,1.217164456,Males
Age-adjusted,Bangladeshi,4.478561873,3.911011535,5.128472844,Females
Age-adjusted,Black African,1.697998367,1.459451278,1.975535941,Females
Age-adjusted,Black Caribbean,1.591903256,1.439155604,1.760863086,Females
Age-adjusted,Chinese,0.858976777,0.665259219,1.109103162,Females
Age-adjusted,Indian,1.59522848,1.468424545,1.732982407,Females
Age-adjusted,Mixed,1.49208052,1.274448872,1.746876101,Females
Age-adjusted,Other,1.648246333,1.491391324,1.821598349,Females
Age-adjusted,Pakistani,2.624800489,2.372870554,2.903478065,Females
Age-adjusted,White other,0.951451347,0.889951148,1.017201525,Females
"Adjusted for age, residence type, geography, socio-economic factors and certain pre-existing conditions",Bangladeshi,2.268388688,2.012519824,2.556788349,Males
"Adjusted for age, residence type, geography, socio-economic factors and certain pre-existing conditions",Black African,1.552807124,1.372255486,1.757114465,Males
"Adjusted for age, residence type, geography, socio-economic factors and certain pre-existing conditions",Black Caribbean,1.129365347,1.02881889,1.239738207,Males
"Adjusted for age, residence type, geography, socio-economic factors and certain pre-existing conditions",Chinese,1.008079414,0.815223343,1.246559136,Males
"Adjusted for age, residence type, geography, socio-economic factors and certain pre-existing conditions",Indian,1.534432277,1.430454972,1.645967513,Males
"Adjusted for age, residence type, geography, socio-economic factors and certain pre-existing conditions",Mixed,1.144662984,0.987475803,1.326871344,Males
"Adjusted for age, residence type, geography, socio-economic factors and certain pre-existing conditions",Other,1.269604793,1.162488748,1.386590908,Males
"Adjusted for age, residence type, geography, socio-economic factors and certain pre-existing conditions",Pakistani,1.756120527,1.611891368,1.913255054,Males
"Adjusted for age, residence type, geography, socio-economic factors and certain pre-existing conditions",White other,0.910111725,0.851874942,0.972329753,Males
"Adjusted for age, residence type, geography, socio-economic factors and certain pre-existing conditions",Bangladeshi,2.142736839,1.836601116,2.499901107,Females
"Adjusted for age, residence type, geography, socio-economic factors and certain pre-existing conditions",Black African,1.093373155,0.934204886,1.279660249,Females
"Adjusted for age, residence type, geography, socio-economic factors and certain pre-existing conditions",Black Caribbean,1.035085958,0.930375905,1.151580705,Females
"Adjusted for age, residence type, geography, socio-economic factors and certain pre-existing conditions",Chinese,1.009098512,0.780387254,1.304839106,Females
"Adjusted for age, residence type, geography, socio-economic factors and certain pre-existing conditions",Indian,1.30046693,1.189231574,1.422106739,Females
"Adjusted for age, residence type, geography, socio-economic factors and certain pre-existing conditions",Mixed,1.08810258,0.928413186,1.27525895,Females
"Adjusted for age, residence type, geography, socio-economic factors and certain pre-existing conditions",Other,1.306256813,1.175291996,1.451815267,Females
"Adjusted for age, residence type, geography, socio-economic factors and certain pre-existing conditions",Pakistani,1.518510427,1.353240554,1.703964539,Females
"Adjusted for age, residence type, geography, socio-economic factors and certain pre-existing conditions",White other,0.830381922,0.775326514,0.889346777,Females
"Fully-adjusted, including for vaccination status",Bangladeshi,2.195835882,1.948276074,2.474852145,Males
"Fully-adjusted, including for vaccination status",Black African,1.475880653,1.304242931,1.670105814,Males
"Fully-adjusted, including for vaccination status",Black Caribbean,1.02396146,0.93263933,1.124225665,Males
"Fully-adjusted, including for vaccination status",Chinese,0.956916804,0.773854918,1.183283518,Males
"Fully-adjusted, including for vaccination status",Indian,1.544133948,1.439497052,1.65637689,Males
"Fully-adjusted, including for vaccination status",Mixed,1.137670155,0.981420532,1.318795907,Males
"Fully-adjusted, including for vaccination status",Other,1.228274414,1.124634001,1.341465788,Males
"Fully-adjusted, including for vaccination status",Pakistani,1.624070366,1.490354221,1.769783663,Males
"Fully-adjusted, including for vaccination status",White other,0.90746447,0.849383798,0.969516686,Males
"Fully-adjusted, including for vaccination status",Bangladeshi,2.080373455,1.783174761,2.427105748,Females
"Fully-adjusted, including for vaccination status",Black African,1.020298362,0.871725142,1.194193786,Females
"Fully-adjusted, including for vaccination status",Black Caribbean,0.918822117,0.825713346,1.022429982,Females
"Fully-adjusted, including for vaccination status",Chinese,0.986956626,0.763258055,1.276217624,Females
"Fully-adjusted, including for vaccination status",Indian,1.322559808,1.209437304,1.446263018,Females
"Fully-adjusted, including for vaccination status",Mixed,1.057345362,0.902173384,1.239206602,Females
"Fully-adjusted, including for vaccination status",Other,1.276510746,1.148507967,1.418779609,Females
"Fully-adjusted, including for vaccination status",Pakistani,1.408921841,1.255357856,1.581270828,Females
"Fully-adjusted, including for vaccination status",White other,0.824671858,0.769996605,0.883229444,Females
